datetime,loss,threshold,anomaly,RHR
2024-07-14 06:00:00,0.0507540134961974,0.2300880689072174,False,1.029527610032457
2024-07-14 07:00:00,0.04362712423607795,0.2300880689072174,False,1.1126380354082102
2024-07-14 08:00:00,0.051161037899355555,0.2300880689072174,False,1.217133989077061
2024-07-14 16:00:00,0.053513648226459876,0.2300880689072174,False,1.5112717864854017
2024-07-15 05:00:00,0.09125526511897847,0.2300880689072174,False,1.7589625687340689
2024-07-15 06:00:00,0.11709955237547794,0.2300880689072174,False,1.7686464917595284
2024-07-15 07:00:00,0.12034225992300149,0.2300880689072174,False,1.621293825182914
2024-07-15 08:00:00,0.15426023895584562,0.2300880689072174,False,1.431214119852079
2024-07-15 09:00:00,0.171725151355836,0.2300880689072174,False,1.2084620796290342
2024-07-15 10:00:00,0.16717738522804676,0.2300880689072174,False,1.1170100768232794
2024-07-15 21:00:00,0.1309936418915098,0.2300880689072174,False,1.1138039131189015
2024-07-15 22:00:00,0.09202829601493606,0.2300880689072174,False,1.315334203108221
2024-07-16 00:00:00,0.1716507969790482,0.2300880689072174,False,1.534269381778441
2024-07-16 01:00:00,0.2300880689072174,0.2300880689072174,False,1.5262539725175042
2024-07-16 02:00:00,0.2083583845427186,0.2300880689072174,False,1.5170477024520717
2024-07-16 03:00:00,0.13966991949719307,0.2300880689072174,False,1.4280618412519814
2024-07-16 04:00:00,0.09640254722390873,0.2300880689072174,False,0.9619437148037229
2024-07-16 05:00:00,0.16455133751430506,0.2300880689072174,False,0.8895033176372815
2024-07-16 06:00:00,0.17025509998839097,0.2300880689072174,False,0.8395395093788927
2024-07-16 12:00:00,0.13383792969220876,0.2300880689072174,False,0.9423199572734422
2024-07-17 00:00:00,0.15122628469417843,0.2300880689072174,False,1.0515127325767473
2024-07-17 01:00:00,0.19407058333188862,0.2300880689072174,False,1.0747192508179415
2024-07-17 03:00:00,0.2048025822670213,0.2300880689072174,False,1.1754843958125933
2024-07-17 04:00:00,0.14033732134749946,0.2300880689072174,False,1.210141498712282
2024-07-17 05:00:00,0.05500856320358616,0.2300880689072174,False,1.0035451924801178
2024-07-17 09:00:00,0.09556184167243054,0.2300880689072174,False,0.9511838003309889
2024-07-17 14:00:00,0.11924636730278101,0.2300880689072174,False,0.8596925383778168
2024-07-17 17:00:00,0.08983786619218358,0.2300880689072174,False,0.6213778813167102
2024-07-18 04:00:00,0.07952489471026092,0.2300880689072174,False,0.47403684708007376
2024-07-18 05:00:00,0.08878223861172346,0.2300880689072174,False,0.2594986929187273
2024-07-18 10:00:00,0.09493965462397799,0.2300880689072174,False,0.11700409417172394
2024-07-18 15:00:00,0.10717081228302903,0.2300880689072174,False,0.23195621995350668
2024-07-19 03:00:00,0.12352977393408465,0.2300880689072174,False,0.21174767296834926
2024-07-19 04:00:00,0.11770522657538436,0.2300880689072174,False,0.06584640517443578
2024-07-19 05:00:00,0.08870554919082232,0.2300880689072174,False,-0.06881247040933466
2024-07-19 06:00:00,0.0862873851604019,0.2300880689072174,False,-0.29544244197006686
2024-07-19 07:00:00,0.1069746117564218,0.2300880689072174,False,-0.4233225714360032
2024-07-19 09:00:00,0.0972864688254386,0.2300880689072174,False,-0.4375212964125262
2024-07-19 12:00:00,0.07854072829776268,0.2300880689072174,False,-0.4966063132503026
2024-07-19 13:00:00,0.06391338419378087,0.2300880689072174,False,-0.6540354943263789
2024-07-19 23:00:00,0.07323293594127388,0.2300880689072174,False,-0.7127933516024838
2024-07-20 00:00:00,0.06807726176900236,0.2300880689072174,False,-0.622187998086618
2024-07-20 02:00:00,0.061762382463786014,0.2300880689072174,False,-0.5350802777028106
2024-07-20 03:00:00,0.06654441226715929,0.2300880689072174,False,-0.7042435817241464
2024-07-20 04:00:00,0.0748287126637479,0.2300880689072174,False,-0.7915733740528558
2024-07-20 11:00:00,0.06272719508336677,0.2300880689072174,False,-0.7954818402829564
2024-07-20 14:00:00,0.0482812277717716,0.2300880689072174,False,-0.6585175803212664
2024-07-20 23:00:00,0.06650349562989975,0.2300880689072174,False,-0.7421068483282025
2024-07-21 01:00:00,0.08377638785571716,0.2300880689072174,False,-0.8985010155182654
2024-07-21 02:00:00,0.07108611540068072,0.2300880689072174,False,-0.8717626992304209
2024-07-21 03:00:00,0.06583470839848579,0.2300880689072174,False,-0.8960027061382296
2024-07-21 04:00:00,0.04165562572838154,0.2300880689072174,False,-0.9170717819098368
2024-07-21 05:00:00,0.04871235371579098,0.2300880689072174,False,-0.9442478361659739
2024-07-21 06:00:00,0.05625721348116125,0.2300880689072174,False,-0.9683704011798511
2024-07-21 07:00:00,0.061820516958436045,0.2300880689072174,False,-0.9647062140891343
2024-07-21 08:00:00,0.04538971377417267,0.2300880689072174,False,-0.950232675080809
2024-07-21 11:00:00,0.03840283532986569,0.2300880689072174,False,-0.9216520157732367
2024-07-21 22:00:00,0.043197937122277874,0.2300880689072174,False,-0.9673322148374839
2024-07-21 23:00:00,0.03967031349007756,0.2300880689072174,False,-1.2184511701211458
2024-07-22 00:00:00,0.0683164445498939,0.2300880689072174,False,-1.1446178002432261
2024-07-22 03:00:00,0.07914372844440061,0.2300880689072174,False,-1.1620790610332217
2024-07-22 04:00:00,0.07955477191639783,0.2300880689072174,False,-1.2388332108132394
2024-07-22 06:00:00,0.08276927110740089,0.2300880689072174,False,-1.294177703329258
2024-07-22 07:00:00,0.08512673465688468,0.2300880689072174,False,-1.3393693441147374
2024-07-22 15:00:00,0.08337855202116999,0.2300880689072174,False,-1.2800095132451483
2024-07-22 21:00:00,0.06543993155380909,0.2300880689072174,False,-1.159366153283359
2024-07-22 22:00:00,0.055089465365692675,0.2300880689072174,False,-0.9978671072601012
2024-07-22 23:00:00,0.08355653472250117,0.2300880689072174,False,-0.9161557351371642
2024-07-23 00:00:00,0.11075709509922327,0.2300880689072174,False,-0.8987508464562686
2024-07-23 02:00:00,0.11106659471206048,0.2300880689072174,False,-0.8818039811617119
2024-07-23 03:00:00,0.11662175152451094,0.2300880689072174,False,-0.8886743319568012
2024-07-23 09:00:00,0.10082245195632097,0.2300880689072174,False,-0.8307801759235
2024-07-23 10:00:00,0.07551385598621309,0.2300880689072174,False,-0.7824129063260664
2024-07-23 15:00:00,0.05800060005631741,0.2300880689072174,False,-0.8776817706846509
2024-07-23 19:00:00,0.04011724071049705,0.2300880689072174,False,-0.7836343020229755
2024-07-23 20:00:00,0.043997775279173854,0.2300880689072174,False,-0.6950831139973622
2024-07-24 02:00:00,0.0582572261063876,0.2300880689072174,False,-0.7305035892076003
2024-07-24 03:00:00,0.06443347678679165,0.2300880689072174,False,-0.8251617557177484
2024-07-24 04:00:00,0.05687963269103265,0.2300880689072174,False,-0.9112701523495383
2024-07-24 06:00:00,0.06029745153087526,0.2300880689072174,False,-1.0178369269044991
2024-07-24 07:00:00,0.060381867925606666,0.2300880689072174,False,-1.108708766754236
2024-07-24 09:00:00,0.08570990633247813,0.2300880689072174,False,-1.2989836298757715
2024-07-24 13:00:00,0.09549773624456706,0.2300880689072174,False,-1.1014127236353612
2024-07-25 04:00:00,0.11046683056244994,0.2300880689072174,False,-0.8479102505725933
2024-07-25 05:00:00,0.14263682169071468,0.2300880689072174,False,-0.866522655453837
2024-07-26 00:00:00,0.14621892483485802,0.2300880689072174,False,-0.9427210915448492
2024-07-26 01:00:00,0.13528481014897772,0.2300880689072174,False,-1.0903354857707934
2024-07-26 02:00:00,0.11682972303531894,0.2300880689072174,False,-1.3817003476100993
2024-07-26 03:00:00,0.14788454132715229,0.2300880689072174,False,-1.4318900681552933
2024-07-26 04:00:00,0.18185416899903528,0.2300880689072174,False,-1.5097540438329822
2024-07-26 06:00:00,0.1701182908632279,0.2300880689072174,False,-1.732484273418571
2024-07-26 11:00:00,0.17634813631380553,0.2300880689072174,False,-1.834034601361249
2024-07-26 20:00:00,0.16576120698366276,0.2300880689072174,False,-1.7991103181528703
2024-07-26 21:00:00,0.14588940714900922,0.2300880689072174,False,-1.5900768819004916
2024-07-27 00:00:00,0.12602492305010293,0.2300880689072174,False,-1.6270080307358465
2024-07-27 01:00:00,0.10613804783680467,0.2300880689072174,False,-1.79754540491622
2024-07-27 02:00:00,0.10930436657925444,0.2300880689072174,False,-1.9789365454031553
2024-07-27 03:00:00,0.1329032638689331,0.2300880689072174,False,-2.041061171986641
2024-07-27 04:00:00,0.15089459696535115,0.2300880689072174,False,-2.12588710313669
2024-07-27 05:00:00,0.13940844104705175,0.2300880689072174,False,-2.2210643628180087
2024-07-27 12:00:00,0.11128891849831943,0.2300880689072174,False,-2.119383171050679
2024-07-27 13:00:00,0.09654109438286845,0.2300880689072174,False,-1.868305527680299
2024-07-27 19:00:00,0.1746054460038755,0.2300880689072174,False,-1.8172638989075998
2024-07-27 20:00:00,0.257324562465414,0.2300880689072174,True,-1.8358666949066047
2024-07-27 23:00:00,0.29882792023540183,0.2300880689072174,True,-1.819377852998387
2024-07-28 00:00:00,0.29132176502844787,0.2300880689072174,True,-1.8262482037934764
2024-07-28 02:00:00,0.26099966068977587,0.2300880689072174,True,-1.8077745938777952
2024-07-28 14:00:00,0.21294597984904354,0.2300880689072174,False,-1.817545759453031
2024-07-28 16:00:00,0.16444541284207356,0.2300880689072174,False,-1.8831347083768342
2024-07-28 18:00:00,0.1259805698244135,0.2300880689072174,False,-1.9018220625394757
2024-07-29 02:00:00,0.10879794215337624,0.2300880689072174,False,-1.737849690229976
2024-07-29 03:00:00,0.12917132826530345,0.2300880689072174,False,-1.5634082119470172
2024-07-29 04:00:00,0.17967215811348047,0.2300880689072174,False,-1.4885017587068332
2024-07-29 05:00:00,0.2166403241401427,0.2300880689072174,False,-1.474537134572211
2024-07-29 06:00:00,0.23072727594466566,0.2300880689072174,True,-1.5396782384071528
2024-07-29 07:00:00,0.218418669312192,0.2300880689072174,False,-1.58015878150457
2024-07-29 10:00:00,0.17506160259276043,0.2300880689072174,False,-1.657970411652395
2024-07-29 12:00:00,0.13180718611495928,0.2300880689072174,False,-1.7332694563665867
2024-07-30 00:00:00,0.08692079464567817,0.2300880689072174,False,-1.8349506481339268
2024-07-30 01:00:00,0.05520740421315895,0.2300880689072174,False,-1.9431459502847612
2024-07-30 02:00:00,0.04204411771132496,0.2300880689072174,False,-2.0428932655319967
2024-07-30 03:00:00,0.05415861074375791,0.2300880689072174,False,-2.248774777691541
2024-07-30 04:00:00,0.07251287289636463,0.2300880689072174,False,-2.378777082180871
2024-07-30 06:00:00,0.1056440768209056,0.2300880689072174,False,-2.3781663843324137
2024-07-30 22:00:00,0.14157667959512998,0.2300880689072174,False,-2.2920579877006135
2024-07-31 06:00:00,0.1740473844060279,0.2300880689072174,False,-2.174018817849723
2024-07-31 07:00:00,0.23098958394322872,0.2300880689072174,True,-2.0297355027971635
2024-07-31 08:00:00,0.2961315722923423,0.2300880689072174,True,-1.921975091538405
2024-07-31 10:00:00,0.3545900793939274,0.2300880689072174,True,-1.768445652437446
2024-07-31 21:00:00,0.40129119568774796,0.2300880689072174,True,-1.3236133396246557
2024-07-31 22:00:00,0.44960532619177546,0.2300880689072174,True,-0.7695882515085655
2024-08-01 01:00:00,0.5134526390035333,0.2300880689072174,True,-0.5222556228853097
2024-08-01 05:00:00,0.559626113823213,0.2300880689072174,True,-0.4892779390688742
2024-08-01 06:00:00,0.5178799920890418,0.2300880689072174,True,-0.4801174713420848
2024-08-01 07:00:00,0.4474999896911394,0.2300880689072174,True,-0.49986336844204965
2024-08-01 08:00:00,0.33305427611046795,0.2300880689072174,True,-0.7456183609568063
2024-08-01 23:00:00,0.26760321690298916,0.2300880689072174,True,-0.7030221860272425
2024-08-02 01:00:00,0.19016690033689684,0.2300880689072174,False,-0.5845468034274639
2024-08-02 02:00:00,0.10608999372604802,0.2300880689072174,False,-0.5662258679738851
2024-08-02 09:00:00,0.09200531384170285,0.2300880689072174,False,-0.5335099118067899
2024-08-02 10:00:00,0.10544137360499906,0.2300880689072174,False,-0.527751903521377
2024-08-02 19:00:00,0.10514281167864375,0.2300880689072174,False,-0.465918746365567
2024-08-02 20:00:00,0.09842696191995619,0.2300880689072174,False,-0.10820248163452063
2024-08-03 00:00:00,0.13236329730226423,0.2300880689072174,False,0.11054948768115251
2024-08-03 01:00:00,0.2141497405223804,0.2300880689072174,False,0.1918028364177558
2024-08-03 03:00:00,0.2830115793118295,0.2300880689072174,True,0.33233273904460864
2024-08-03 04:00:00,0.3169006301949657,0.2300880689072174,True,0.5406404939674546
2024-08-03 05:00:00,0.3330469521889582,0.2300880689072174,True,0.5071977402510511
2024-08-03 21:00:00,0.31296977311005375,0.2300880689072174,True,0.40844789815628124
2024-08-04 00:00:00,0.2564482631705661,0.2300880689072174,True,0.40936394492895917
2024-08-04 03:00:00,0.19758972623030596,0.2300880689072174,False,0.3626455595223396
2024-08-04 04:00:00,0.15248273720936534,0.2300880689072174,False,0.35470648749246453
2024-08-04 05:00:00,0.11587503992624604,0.2300880689072174,False,0.30768275316161897
2024-08-04 06:00:00,0.05942610213205944,0.2300880689072174,False,0.2838655370719729
2024-08-04 20:00:00,0.03400937346346987,0.2300880689072174,False,0.334248109569304
2024-08-05 01:00:00,0.039454095188004225,0.2300880689072174,False,0.4741742540959776
2024-08-05 02:00:00,0.05723831496416542,0.2300880689072174,False,0.7726117228642544
2024-08-05 03:00:00,0.09904889289956001,0.2300880689072174,False,1.0090081623244491
2024-08-05 04:00:00,0.16523053582003797,0.2300880689072174,False,1.1982837821548282
2024-08-05 05:00:00,0.2146230755361137,0.2300880689072174,False,1.3464797933793005
2024-08-05 06:00:00,0.2401213702950763,0.2300880689072174,True,1.3905809022925488
2024-08-05 07:00:00,0.21579165710327014,0.2300880689072174,False,1.3031202461391667
2024-08-05 09:00:00,0.2172388882001269,0.2300880689072174,False,1.3226625772896492
2024-08-05 13:00:00,0.20014624457684976,0.2300880689072174,False,1.3556402611060847
2024-08-05 14:00:00,0.13215121342667202,0.2300880689072174,False,1.5054647999264357
2024-08-05 17:00:00,0.08969345555411537,0.2300880689072174,False,1.864629158798126
2024-08-05 18:00:00,0.11723231235711426,0.2300880689072174,False,2.467110345289593
2024-08-06 00:00:00,0.21052753637749538,0.2300880689072174,False,2.8194830038466954
2024-08-06 01:00:00,0.26892412694852474,0.2300880689072174,True,2.8918506988883115
2024-08-06 02:00:00,0.29643753897531133,0.2300880689072174,True,3.11964099636109
2024-08-06 03:00:00,0.35602338356549235,0.2300880689072174,True,3.2194900945830742
2024-08-06 05:00:00,0.4559249888212884,0.2300880689072174,True,3.175519849494494
2024-08-06 07:00:00,0.5886740264166701,0.2300880689072174,True,3.1222781007066778
2024-08-06 08:00:00,0.7535380914408396,0.2300880689072174,True,3.495525522083597
2024-08-07 00:00:00,0.9399874892465812,0.2300880689072174,True,3.8582800440643767
2024-08-07 01:00:00,1.0886806226082149,0.2300880689072174,True,4.046069632463502
2024-08-07 02:00:00,1.2180833853417337,0.2300880689072174,True,4.512760230575146
2024-08-07 04:00:00,1.3876277642301087,0.2300880689072174,True,4.83621086538629
2024-08-07 10:00:00,1.5675077385933125,0.2300880689072174,True,5.14690802228535
2024-08-07 23:00:00,1.7744301273803846,0.2300880689072174,True,5.510217724128348
2024-08-08 04:00:00,2.038366427490256,0.2300880689072174,True,5.507897072304235
2024-08-08 05:00:00,2.3316296749517993,0.2300880689072174,True,5.2653278868989055
2024-08-08 07:00:00,2.560535520771341,0.2300880689072174,True,5.145325759677987
2024-08-09 02:00:00,2.7313329877998704,0.2300880689072174,True,5.017995258275655
2024-08-09 03:00:00,2.8661245867173077,0.2300880689072174,True,4.62305961488946
2024-08-09 04:00:00,2.8979314177441915,0.2300880689072174,True,4.566689548269262
2024-08-09 05:00:00,2.8757864939836217,0.2300880689072174,True,4.581224157062424
2024-08-09 06:00:00,2.8121830898598392,0.2300880689072174,True,4.62875865686652
2024-08-09 17:00:00,2.7047693571030886,0.2300880689072174,True,4.6379667114386365
2024-08-09 18:00:00,2.596855508574822,0.2300880689072174,True,4.725907201615798
2024-08-10 03:00:00,2.5271004211405996,0.2300880689072174,True,4.656156783067553
2024-08-10 05:00:00,2.4648852003532813,0.2300880689072174,True,4.770357280728158
2024-08-10 06:00:00,2.428758826353585,0.2300880689072174,True,4.966696639005641
2024-08-10 07:00:00,2.4647476681494647,0.2300880689072174,True,5.063797596909571
2024-08-10 14:00:00,2.520517745760799,0.2300880689072174,True,5.176166001024841
2024-08-10 16:00:00,2.58773236754009,0.2300880689072174,True,5.55525669045171
2024-08-11 04:00:00,2.688477655323787,0.2300880689072174,True,5.90678963946718
2024-08-11 05:00:00,2.828376911622384,0.2300880689072174,True,6.071449046856183
2024-08-11 09:00:00,2.9795637516695983,0.2300880689072174,True,6.116564350410606
2024-08-12 06:00:00,3.1520002960085765,0.2300880689072174,True,6.184428148819895
2024-08-12 07:00:00,3.3217764703846067,0.2300880689072174,True,6.245497933665139
2024-08-12 08:00:00,3.477081539634341,0.2300880689072174,True,6.4083877052432925
2024-08-12 12:00:00,3.641028411682259,0.2300880689072174,True,6.559701976693949
2024-08-13 00:00:00,3.811112321220434,0.2300880689072174,True,6.648558513643779
2024-08-13 02:00:00,3.943986518292874,0.2300880689072174,True,6.716956672670457
2024-08-13 05:00:00,4.03989835873269,0.2300880689072174,True,6.6793376852057955
2024-08-13 06:00:00,4.113281995427369,0.2300880689072174,True,6.609085225439274
2024-08-13 07:00:00,4.175839656251913,0.2300880689072174,True,6.519212709341549
2024-08-13 08:00:00,4.2218686792237285,0.2300880689072174,True,6.5520682535882795
2024-08-13 18:00:00,4.263222504528681,0.2300880689072174,True,6.646726420098423
2024-08-13 22:00:00,4.293113593880804,0.2300880689072174,True,6.854974386420729
2024-08-13 23:00:00,4.324455466966501,0.2300880689072174,True,7.130170104379625
2024-08-14 01:00:00,4.3731068618543585,0.2300880689072174,True,7.1986446006373646
2024-08-14 04:00:00,4.422814307446741,0.2300880689072174,True,7.148720051526368
2024-08-14 05:00:00,4.474771358503002,0.2300880689072174,True,7.056016118131286
2024-08-14 06:00:00,4.5287856249623974,0.2300880689072174,True,6.65680293459789
2024-08-14 07:00:00,4.558564216719027,0.2300880689072174,True,6.269315149754775
2024-08-14 08:00:00,4.5430039779278815,0.2300880689072174,True,6.029310895312968
2024-08-14 10:00:00,4.485399444336917,0.2300880689072174,True,5.878829393655655
2024-08-14 11:00:00,4.379525223377535,0.2300880689072174,True,5.919385282591517
2024-08-14 14:00:00,4.236449872819817,0.2300880689072174,True,6.035540013367172
2024-08-14 15:00:00,4.092923595194085,0.2300880689072174,True,6.117862083338571
2024-08-14 16:00:00,3.9617475347737527,0.2300880689072174,True,6.281325540774347
2024-08-15 00:00:00,3.8561257859874667,0.2300880689072174,True,6.227584130110536
2024-08-15 02:00:00,3.796441773200824,0.2300880689072174,True,6.2702311965274635
2024-08-15 03:00:00,3.790633574112336,0.2300880689072174,True,6.3122384842460155
2024-08-15 04:00:00,3.821946749610948,0.2300880689072174,True,6.284429921503981
2024-08-15 05:00:00,3.8727523307144023,0.2300880689072174,True,6.257711890634188
2024-08-15 08:00:00,3.916761290407709,0.2300880689072174,True,6.283971898117652
2024-08-15 09:00:00,3.9485065706716242,0.2300880689072174,True,6.645980011617
2024-08-15 15:00:00,4.0054903735579295,0.2300880689072174,True,6.8149736773470755
2024-08-15 18:00:00,4.0618230813748735,0.2300880689072174,True,6.996656287261701
2024-08-15 19:00:00,4.146088102610452,0.2300880689072174,True,7.144445166587204
2024-08-15 22:00:00,4.242600812212494,0.2300880689072174,True,7.234141413078659
2024-08-15 23:00:00,4.3460933148426815,0.2300880689072174,True,7.328003491322057
2024-08-16 00:00:00,4.466973793409037,0.2300880689072174,True,7.3076125280964614
2024-08-16 01:00:00,4.595618511439447,0.2300880689072174,True,7.279845603844084
2024-08-16 02:00:00,4.722547826393227,0.2300880689072174,True,7.256813570702463
2024-08-16 03:00:00,4.80108879648643,0.2300880689072174,True,7.194888808869367
2024-08-16 04:00:00,4.852897259696431,0.2300880689072174,True,7.123681439739817
2024-08-16 06:00:00,4.873983404296928,0.2300880689072174,True,7.0828955477181585
2024-08-16 07:00:00,4.870793577909138,0.2300880689072174,True,7.013450478094151
2024-08-16 09:00:00,4.848093018669474,0.2300880689072174,True,6.839096242360947
2024-08-16 10:00:00,4.794360604723485,0.2300880689072174,True,6.762671768754611
2024-08-16 11:00:00,4.732414370417668,0.2300880689072174,True,6.582603146010918
2024-08-16 12:00:00,4.653995688502282,0.2300880689072174,True,6.379740424352243
2024-08-16 13:00:00,4.554586602810433,0.2300880689072174,True,6.214963041242512
2024-08-17 04:00:00,4.442271244086424,0.2300880689072174,True,6.1548093031699445
2024-08-17 06:00:00,4.328679996947937,0.2300880689072174,True,6.043967643675826
2024-08-17 07:00:00,4.205874238720934,0.2300880689072174,True,5.9519049430216135
2024-08-17 08:00:00,4.078890382044806,0.2300880689072174,True,5.919385282591517
2024-08-17 15:00:00,3.9676923931351817,0.2300880689072174,True,5.856047191452007
2024-08-17 16:00:00,3.8571758869675725,0.2300880689072174,True,5.7387932045491326
2024-08-18 04:00:00,3.7555307924324324,0.2300880689072174,True,5.714190805511481
2024-08-18 06:00:00,3.67483819037908,0.2300880689072174,True,5.827984171273121
2024-08-18 07:00:00,3.6252641423895895,0.2300880689072174,True,6.022593218979977
2024-08-18 09:00:00,3.6028753130754074,0.2300880689072174,True,6.19747091001185
2024-08-18 16:00:00,3.6136625725350893,0.2300880689072174,True,6.104165003023284
2024-08-18 22:00:00,3.6292803150349546,0.2300880689072174,True,5.952057617483726
2024-08-18 23:00:00,3.6336697561951485,0.2300880689072174,True,5.87404096734392
2024-08-19 00:00:00,3.6378415856035127,0.2300880689072174,True,5.775565939280963
2024-08-19 02:00:00,3.6480059963250726,0.2300880689072174,True,5.749000582873272
2024-08-19 03:00:00,3.658200142613339,0.2300880689072174,True,5.765672634136016
2024-08-19 04:00:00,3.654427629657068,0.2300880689072174,True,5.886276734950409
2024-08-19 06:00:00,3.636407393932882,0.2300880689072174,True,5.9774015781945025
2024-08-19 07:00:00,3.604559330502131,0.2300880689072174,True,5.981310044424593
2024-08-19 08:00:00,3.585367944867282,0.2300880689072174,True,5.95733579174535
2024-08-19 09:00:00,3.5836390307082886,0.2300880689072174,True,6.259488466193332
2024-08-19 18:00:00,3.621782903512158,0.2300880689072174,True,6.405622909529385
2024-08-19 22:00:00,3.6916682906509073,0.2300880689072174,True,6.42687519465553
2024-08-20 01:00:00,3.770844364789095,0.2300880689072174,True,6.301834810184882
2024-08-20 02:00:00,3.8382381791040103,0.2300880689072174,True,6.1166406876416675
2024-08-20 03:00:00,3.8718134292596016,0.2300880689072174,True,5.887140436193228
2024-08-20 04:00:00,3.869794391388821,0.2300880689072174,True,5.816788044051499
2024-08-20 05:00:00,3.858020319807074,0.2300880689072174,True,5.771535333481178
2024-08-20 06:00:00,3.843484666057988,0.2300880689072174,True,5.712816735352464
2024-08-20 08:00:00,3.781369997350356,0.2300880689072174,True,5.667289210750325
2024-08-20 12:00:00,3.6929373132231498,0.2300880689072174,True,5.32840425038906
2024-08-20 13:00:00,3.5647275710519626,0.2300880689072174,True,4.68582873287822
2024-08-20 17:00:00,3.38137273869862,0.2300880689072174,True,4.2441538417365585
2024-08-20 18:00:00,3.166985081422014,0.2300880689072174,True,4.548063263891457
2024-08-20 21:00:00,3.006233940109474,0.2300880689072174,True,4.649286432272459
2024-08-21 00:00:00,2.8646427583457275,0.2300880689072174,True,4.668065391112366
2024-08-21 01:00:00,2.7288241310729644,0.2300880689072174,True,4.618415656033187
2024-08-21 02:00:00,2.5927470899061476,0.2300880689072174,True,4.605607656611548
2024-08-21 03:00:00,2.4576865354836945,0.2300880689072174,True,4.520215442002016
2024-08-21 04:00:00,2.354952936781353,0.2300880689072174,True,4.367144026287407
2024-08-21 05:00:00,2.319121975923703,0.2300880689072174,True,4.1762500571586365
2024-08-21 06:00:00,2.320026964711166,0.2300880689072174,True,4.0469856792362
2024-08-21 09:00:00,2.2657430263739027,0.2300880689072174,True,3.9475291724882133
2024-08-21 10:00:00,2.1858156778274545,0.2300880689072174,True,3.8581655382177997
2024-08-21 15:00:00,2.0919292221546213,0.2300880689072174,True,3.8146762176848696
2024-08-21 21:00:00,1.9975101289861812,0.2300880689072174,True,3.8198060796118636
2024-08-21 22:00:00,1.903369340144454,0.2300880689072174,True,3.853150182137372
2024-08-21 23:00:00,1.821957695694287,0.2300880689072174,True,3.8978990669827325
2024-08-22 00:00:00,1.7632302670854094,0.2300880689072174,True,3.887898889714327
2024-08-22 01:00:00,1.726915348835077,0.2300880689072174,True,3.881364422735866
2024-08-22 03:00:00,1.7056487275248318,0.2300880689072174,True,3.870005442754658
2024-08-22 05:00:00,1.6956633375257888,0.2300880689072174,True,3.7923246764315057
2024-08-22 06:00:00,1.6893962491735346,0.2300880689072174,True,3.670032432278903
2024-08-22 07:00:00,1.6759372668339323,0.2300880689072174,True,3.457738592710597
2024-08-22 08:00:00,1.6393499209781024,0.2300880689072174,True,3.4332343415414477
2024-08-22 13:00:00,1.5934871213969666,0.2300880689072174,True,3.3630040889694133
2024-08-22 20:00:00,1.5338502857663954,0.2300880689072174,True,3.2871248812991882
2024-08-22 21:00:00,1.4661321576040218,0.2300880689072174,True,3.1580131778388543
2024-08-22 22:00:00,1.3847470660645043,0.2300880689072174,True,2.9871195632469063
2024-08-22 23:00:00,1.2861218300312172,0.2300880689072174,True,2.9127788443872085
2024-08-23 01:00:00,1.1879129823437724,0.2300880689072174,True,2.7238215480140977
2024-08-23 02:00:00,1.0849973795192214,0.2300880689072174,True,2.570318281678084
2024-08-23 03:00:00,0.9901188680830892,0.2300880689072174,True,2.4468351767209846
2024-08-23 04:00:00,0.8853612175109344,0.2300880689072174,True,2.360543570734658
2024-08-23 06:00:00,0.7804395290295408,0.2300880689072174,True,2.2521447026343413
2024-08-23 07:00:00,0.6750886620175562,0.2300880689072174,True,2.1285547255537622
2024-08-23 12:00:00,0.5742299973781675,0.2300880689072174,True,2.104835657332608
2024-08-23 13:00:00,0.49102519403916406,0.2300880689072174,True,1.6489497134628301
2024-08-24 02:00:00,0.381398406759539,0.2300880689072174,True,1.3739611965596634
2024-08-24 03:00:00,0.3230491456351454,0.2300880689072174,True,1.276860238655718
2024-08-24 04:00:00,0.29333985845215427,0.2300880689072174,True,1.2029657989929667
2024-08-24 05:00:00,0.2813144773745986,0.2300880689072174,True,1.1150863786006526
2024-08-24 07:00:00,0.2716386736233418,0.2300880689072174,True,0.9578927524089872
2024-08-24 09:00:00,0.2406194646604825,0.2300880689072174,True,0.8706240298651303
2024-08-24 10:00:00,0.18350435859591024,0.2300880689072174,False,0.8536466296781395
2024-08-24 13:00:00,0.07983617526032935,0.2300880689072174,False,0.8554787232235006
2024-08-24 14:00:00,0.06904509881214693,0.2300880689072174,False,0.8389898813152828
2024-08-24 17:00:00,0.07689648108514245,0.2300880689072174,False,0.782194981409196
2024-08-24 18:00:00,0.05481206229383169,0.2300880689072174,False,0.6741014622331106
2024-08-24 19:00:00,0.035539904429048336,0.2300880689072174,False,0.57547375970803
2024-08-24 22:00:00,0.05551798370461071,0.2300880689072174,False,0.5073809496055826
2024-08-24 23:00:00,0.060545199559576546,0.2300880689072174,False,0.4041730132171125
2024-08-25 00:00:00,0.05687327961236738,0.2300880689072174,False,0.26966681209544985
2024-08-25 01:00:00,0.06478937219593763,0.2300880689072174,False,0.19592504689481677
2024-08-25 02:00:00,0.06975974566060653,0.2300880689072174,False,0.02533678122708447
2024-08-25 03:00:00,0.07415371355706499,0.2300880689072174,False,-0.3248475433730513
2024-08-25 04:00:00,0.10632789585668992,0.2300880689072174,False,-0.7645499942588319
2024-08-25 05:00:00,0.1664289664299567,0.2300880689072174,False,-1.17421919738323
2024-08-25 06:00:00,0.2228545687054912,0.2300880689072174,False,-1.3883473115606333
2024-08-25 07:00:00,0.2789655331394404,0.2300880689072174,True,-1.5399835873313787
2024-08-25 09:00:00,0.3320892365484197,0.2300880689072174,True,-1.635405126152071
2024-08-25 12:00:00,0.3215871255787377,0.2300880689072174,True,-1.6270080307358519
2024-08-25 13:00:00,0.26694030204619734,0.2300880689072174,True,-1.4545622257790818
2024-08-25 14:00:00,0.22791837410521673,0.2300880689072174,False,-1.4897536892961554
2024-08-25 15:00:00,0.16592677416471271,0.2300880689072174,False,-1.4999828782577358
2024-08-25 16:00:00,0.1118118527252987,0.2300880689072174,False,-1.5473119615128073
2024-08-25 17:00:00,0.09563840139226043,0.2300880689072174,False,-1.6292981476675465
2024-08-25 18:00:00,0.09049584437393843,0.2300880689072174,False,-1.6828868838692554
2024-08-25 19:00:00,0.08341045751005119,0.2300880689072174,False,-1.759605801081097
2024-08-25 22:00:00,0.05564009356306873,0.2300880689072174,False,-1.845027162633389
2024-08-25 23:00:00,0.03971989957725597,0.2300880689072174,False,-1.8667069362534532
2024-08-26 00:00:00,0.0294557200654344,0.2300880689072174,False,-1.9018220625394757
2024-08-26 01:00:00,0.03980561201932176,0.2300880689072174,False,-2.0001444161403197
2024-08-26 02:00:00,0.05374065382127849,0.2300880689072174,False,-2.2362809175419534
2024-08-26 03:00:00,0.08784947875954294,0.2300880689072174,False,-2.464274780964209
2024-08-26 04:00:00,0.13125326318190253,0.2300880689072174,False,-2.6638064234495142
2024-08-26 05:00:00,0.18574221261605292,0.2300880689072174,False,-2.9644363188468033
2024-08-26 06:00:00,0.26197921939914415,0.2300880689072174,True,-3.14642427768564
2024-08-26 07:00:00,0.3531839259861046,0.2300880689072174,True,-3.3305496789940587
2024-08-26 08:00:00,0.47256721553926684,0.2300880689072174,True,-3.499407634091179
2024-08-26 09:00:00,0.6197806761367102,0.2300880689072174,True,-3.517728569544752
2024-08-26 13:00:00,0.7707570593745736,0.2300880689072174,True,-3.4124976965332827
2024-08-26 14:00:00,0.8924355381218951,0.2300880689072174,True,-3.2997094376472154
2024-08-26 17:00:00,0.9819173067974657,0.2300880689072174,True,-3.2713119876941743
2024-08-26 18:00:00,1.0499577825871806,0.2300880689072174,True,-3.1371919631531506
2024-08-26 19:00:00,1.0708276989647456,0.2300880689072174,True,-2.796036387136027
2024-08-26 20:00:00,1.0352316909356483,0.2300880689072174,True,-2.3300084968544357
2024-08-26 22:00:00,1.0210396521851772,0.2300880689072174,True,-2.2556778444428067
2024-08-26 23:00:00,0.9544729601023842,0.2300880689072174,True,-2.3329982319257137
2024-08-27 00:00:00,0.8264346334123429,0.2300880689072174,True,-2.2562176577195463
2024-08-27 01:00:00,0.6961042326944,0.2300880689072174,True,-2.2892559622783044
2024-08-27 02:00:00,0.5719010845339536,0.2300880689072174,True,-2.343531092070181
2024-08-27 03:00:00,0.4440105335766164,0.2300880689072174,True,-2.2803110349686264
2024-08-27 04:00:00,0.3663927706345996,0.2300880689072174,True,-1.8930502207162414
2024-08-27 05:00:00,0.3687554592584123,0.2300880689072174,True,-1.5548019910070559
2024-08-27 06:00:00,0.44886890989052536,0.2300880689072174,True,-1.4976043708479736
2024-08-27 07:00:00,0.49387935415246426,0.2300880689072174,True,-1.7368503664779744
2024-08-27 10:00:00,0.44742188380169345,0.2300880689072174,True,-1.87561515921676
2024-08-27 11:00:00,0.37702842843319795,0.2300880689072174,True,-1.7525064385928382
2024-08-28 04:00:00,0.2933589186797189,0.2300880689072174,True,-1.7987668006131134
2024-08-28 05:00:00,0.18292886676659234,0.2300880689072174,False,-1.9025854348500355
2024-08-28 06:00:00,0.099341111531765,0.2300880689072174,False,-2.0364104729868986
2024-08-28 08:00:00,0.06594748947730217,0.2300880689072174,False,-2.064878388076287
2024-08-28 17:00:00,0.09227611287240106,0.2300880689072174,False,-1.8347674387793955
2024-08-28 20:00:00,0.13119736981039762,0.2300880689072174,False,-1.5912822066013825
2024-08-29 01:00:00,0.202414764764452,0.2300880689072174,False,-1.5457852168916721
2024-08-29 03:00:00,0.24372228017365036,0.2300880689072174,True,-1.514232494721628
2024-08-29 04:00:00,0.2831839566558435,0.2300880689072174,True,-1.5174895499133803
2024-08-29 06:00:00,0.2853992593604557,0.2300880689072174,True,-1.5234947454231662
2024-08-29 07:00:00,0.23829515983522423,0.2300880689072174,True,-1.496166016704906
2024-08-29 08:00:00,0.16590594304066533,0.2300880689072174,False,-1.3681332127768515
2024-08-29 09:00:00,0.10608835909808792,0.2300880689072174,False,-1.2516120632921126
2024-08-29 10:00:00,0.09812895199978827,0.2300880689072174,False,-1.1634883637604199
2024-08-29 14:00:00,0.12497221654106017,0.2300880689072174,False,-1.0925601707901569
2024-08-30 01:00:00,0.13791977253201104,0.2300880689072174,False,-1.0627232187657576
2024-08-30 02:00:00,0.13729014056156386,0.2300880689072174,False,-1.1123118840601054
2024-08-30 03:00:00,0.11282420194216697,0.2300880689072174,False,-1.272268918016019
2024-08-30 04:00:00,0.10995410341782344,0.2300880689072174,False,-1.513784649632767
2024-08-30 05:00:00,0.12560799386555502,0.2300880689072174,False,-1.748711387677459
2024-08-30 06:00:00,0.15762311894583642,0.2300880689072174,False,-1.9189216022961506
2024-08-30 09:00:00,0.2053786455088488,0.2300880689072174,False,-1.9167078225955019
2024-08-30 10:00:00,0.20633222037582202,0.2300880689072174,False,-1.9525972265108043
2024-08-30 13:00:00,0.18047744960005715,0.2300880689072174,False,-1.902244853357628
2024-08-30 14:00:00,0.13846483409653082,0.2300880689072174,False,-1.836233113615678
2024-08-30 18:00:00,0.12217823121766652,0.2300880689072174,False,-1.8364773927550566
2024-08-30 19:00:00,0.1364297176503017,0.2300880689072174,False,-1.8189198296120481
2024-08-30 20:00:00,0.16704121165717928,0.2300880689072174,False,-1.7740335377507948
2024-08-31 01:00:00,0.1803810934062716,0.2300880689072174,False,-1.69052060697491
2024-08-31 02:00:00,0.18488944129217125,0.2300880689072174,False,-1.6164734928500508
2024-08-31 03:00:00,0.1935713766604624,0.2300880689072174,False,-1.5569656851941118
2024-08-31 05:00:00,0.19465792964485035,0.2300880689072174,False,-1.5262428857411947
2024-08-31 06:00:00,0.18484189884292385,0.2300880689072174,False,-1.55170898602166
2024-08-31 07:00:00,0.17040744462707838,0.2300880689072174,False,-1.5335712599226232
2024-08-31 08:00:00,0.1428327096349699,0.2300880689072174,False,-1.5125021841510107
2024-08-31 09:00:00,0.10998477830910355,0.2300880689072174,False,-1.496929389015476
2024-08-31 10:00:00,0.0830194258619911,0.2300880689072174,False,-1.4804405471072584
2024-08-31 12:00:00,0.07128907210941982,0.2300880689072174,False,-1.485936827743331
2024-08-31 13:00:00,0.06623348428873768,0.2300880689072174,False,-1.444714722972789
2024-08-31 14:00:00,0.0660319395059375,0.2300880689072174,False,-1.3993704077251916
2024-09-01 04:00:00,0.06861594417307346,0.2300880689072174,False,-1.3703483804271432
2024-09-01 06:00:00,0.06814435272019603,0.2300880689072174,False,-1.4494258206608617
2024-09-01 07:00:00,0.06426675686706684,0.2300880689072174,False,-1.527260715488611
2024-09-01 08:00:00,0.06556207806408257,0.2300880689072174,False,-1.538151493786023
2024-09-01 09:00:00,0.062057713030421624,0.2300880689072174,False,-1.5793735985565596
2024-09-01 11:00:00,0.04994245187582988,0.2300880689072174,False,-1.405324711747603
2024-09-01 23:00:00,0.041442336513239975,0.2300880689072174,False,-1.11035765094505
2024-09-02 02:00:00,0.09257915680518763,0.2300880689072174,False,-1.0019587828447438
2024-09-02 03:00:00,0.158030768916594,0.2300880689072174,False,-0.9668436565587213
2024-09-02 04:00:00,0.19339209158490367,0.2300880689072174,False,-0.9711185414978848
2024-09-02 05:00:00,0.19692140478025505,0.2300880689072174,False,-0.9555457463623449
2024-09-02 06:00:00,0.16573000883687233,0.2300880689072174,False,-0.9620990040438215
2024-09-02 07:00:00,0.12172708064140549,0.2300880689072174,False,-0.9621870854642701
2024-09-02 20:00:00,0.07200938048351807,0.2300880689072174,False,-0.9659276097860382
2024-09-03 03:00:00,0.039784073262102496,0.2300880689072174,False,-0.9738056120310712
2024-09-03 04:00:00,0.031293142790917175,0.2300880689072174,False,-0.8738766533212184
2024-09-03 05:00:00,0.035653838771327745,0.2300880689072174,False,-0.787909186962139
2024-09-03 06:00:00,0.04062300528826791,0.2300880689072174,False,-0.7736188573083502
2024-09-03 07:00:00,0.05976637252799813,0.2300880689072174,False,-0.7716493567470907
2024-09-03 17:00:00,0.06968302295324495,0.2300880689072174,False,-0.6297384442129432
2024-09-03 21:00:00,0.08215492259650096,0.2300880689072174,False,-0.5265305078244784
2024-09-03 22:00:00,0.08947204373264861,0.2300880689072174,False,-0.4837816584328016
2024-09-03 23:00:00,0.11377303559768528,0.2300880689072174,False,-0.4703463057668435
2024-09-04 00:00:00,0.12487181040551201,0.2300880689072174,False,-0.4599644423431555
2024-09-04 02:00:00,0.1254956149784156,0.2300880689072174,False,-0.46637676975190595
2024-09-04 03:00:00,0.11278421353405366,0.2300880689072174,False,-0.5164976145999021
2024-09-04 05:00:00,0.09071591348325297,0.2300880689072174,False,-0.5043927108180699
2024-09-04 06:00:00,0.07243738176356934,0.2300880689072174,False,-0.4093320389078109
2024-09-04 08:00:00,0.07186171018373219,0.2300880689072174,False,-0.31797719257795143
2024-09-04 09:00:00,0.0989629252139877,0.2300880689072174,False,-0.2010285545992974
2024-09-04 10:00:00,0.13848047789491566,0.2300880689072174,False,0.00660871387454645
2024-09-04 13:00:00,0.18254278550942526,0.2300880689072174,False,0.21503116529639546
2024-09-04 14:00:00,0.23293093610683696,0.2300880689072174,True,0.6593369436617087
2024-09-04 20:00:00,0.3141740579725471,0.2300880689072174,True,0.8357837176109102
2024-09-04 21:00:00,0.3729881092594457,0.2300880689072174,True,0.838073834542605
2024-09-05 01:00:00,0.3988309163314686,0.2300880689072174,True,0.79822579993108
2024-09-05 02:00:00,0.37668286142564505,0.2300880689072174,True,0.7171556605490081
2024-09-05 04:00:00,0.30363745217612703,0.2300880689072174,True,0.5959321376311906
2024-09-05 05:00:00,0.2594305496247204,0.2300880689072174,True,0.45699837710825136
2024-09-05 06:00:00,0.20950334134924592,0.2300880689072174,False,0.31043089347965785
2024-09-05 07:00:00,0.1182404311522304,0.2300880689072174,False,0.2087497017123125
2024-09-05 09:00:00,0.08267492786654268,0.2300880689072174,False,0.5209384418412247
2024-09-05 10:00:00,0.10669337074350185,0.2300880689072174,False,0.7766987007731286
2024-09-05 20:00:00,0.1264662365434698,0.2300880689072174,False,0.8782490287158012
2024-09-06 00:00:00,0.1432202722367149,0.2300880689072174,False,0.9617401488542302
2024-09-06 01:00:00,0.1649302223508057,0.2300880689072174,False,0.9525796811274461
2024-09-06 02:00:00,0.18222323486669884,0.2300880689072174,False,0.7833400398750537
2024-09-06 03:00:00,0.22471355651751834,0.2300880689072174,False,0.5544046839364333
2024-09-06 04:00:00,0.25098084677568705,0.2300880689072174,True,0.3831039374455053
2024-09-06 05:00:00,0.19912577952163396,0.2300880689072174,False,0.3031025192982243
2024-09-06 06:00:00,0.128561210175498,0.2300880689072174,False,0.20394045615575354
2024-09-06 07:00:00,0.09424978376953978,0.2300880689072174,False,0.09625915802736901
2024-09-06 08:00:00,0.08408931549102366,0.2300880689072174,False,0.015463832677104649
2024-09-06 09:00:00,0.06907218721054599,0.2300880689072174,False,-0.045178463674230375
2024-09-06 14:00:00,0.05487967150950271,0.2300880689072174,False,-0.08227131145407697
2024-09-06 17:00:00,0.031245316993427863,0.2300880689072174,False,0.0005017353900167294
2024-09-06 20:00:00,0.04092131854064947,0.2300880689072174,False,0.06767849871979158
2024-09-06 21:00:00,0.08532051080569093,0.2300880689072174,False,0.22394530111793137
2024-09-06 22:00:00,0.13250815572745425,0.2300880689072174,False,0.4482542942781442
2024-09-07 00:00:00,0.18641745697633305,0.2300880689072174,False,0.5628434178423145
2024-09-07 01:00:00,0.2340694264193468,0.2300880689072174,True,0.5586795688755968
2024-09-07 02:00:00,0.2574712324596369,0.2300880689072174,True,0.506548179812239
2024-09-07 03:00:00,0.241765082638839,0.2300880689072174,True,0.45644874904464156
2024-09-07 04:00:00,0.2041542030446279,0.2300880689072174,False,0.45681516775372516
2024-09-07 05:00:00,0.15558360350007797,0.2300880689072174,False,0.42621920554625015
2024-09-07 06:00:00,0.11084837942950522,0.2300880689072174,False,0.38279858852127935
2024-09-07 07:00:00,0.06100920240429453,0.2300880689072174,False,0.3789308354810803
2024-09-07 08:00:00,0.03407195152247053,0.2300880689072174,False,0.3805084715895794
2024-09-07 14:00:00,0.03159960652926543,0.2300880689072174,False,0.41577627233770964
2024-09-07 23:00:00,0.03666508689467452,0.2300880689072174,False,0.41760836588306544
2024-09-08 00:00:00,0.04352166736359257,0.2300880689072174,False,0.2328286454512989
2024-09-08 01:00:00,0.07430789905792312,0.2300880689072174,False,0.056685937447651616
2024-09-08 03:00:00,0.09707820383394827,0.2300880689072174,False,-0.07339270427273456
2024-09-08 04:00:00,0.10933783527885954,0.2300880689072174,False,-0.10087410745309226
2024-09-08 05:00:00,0.08816778765836479,0.2300880689072174,False,-0.10476730623697852
2024-09-08 06:00:00,0.049289006941908964,0.2300880689072174,False,-0.13331294022678125
2024-09-08 08:00:00,0.06189792810493122,0.2300880689072174,False,-0.24560949753633
2024-09-08 11:00:00,0.07874177867742582,0.2300880689072174,False,-0.24683089323323384
2024-09-08 18:00:00,0.07424667470258874,0.2300880689072174,False,-0.2428613572182963
2024-09-09 01:00:00,0.05812744761181611,0.2300880689072174,False,-0.20301332260677138
2024-09-09 02:00:00,0.0716801465893301,0.2300880689072174,False,-0.2240823983783838
2024-09-09 03:00:00,0.08698421739643927,0.2300880689072174,False,-0.2135478604925776
2024-09-09 04:00:00,0.09895378822244782,0.2300880689072174,False,-0.08090428780868913
2024-09-09 05:00:00,0.11667771805146057,0.2300880689072174,False,0.0669738473561924
2024-09-09 07:00:00,0.14793868930671408,0.2300880689072174,False,0.08294594493110546
2024-09-09 09:00:00,0.18216969091112561,0.2300880689072174,False,-0.2736297517594394
2024-09-09 10:00:00,0.16582719414803102,0.2300880689072174,False,-0.34834766634906894
2024-09-10 00:00:00,0.15287822825829211,0.2300880689072174,False,-0.36978472672166346
2024-09-10 01:00:00,0.1389996832058749,0.2300880689072174,False,-0.5280572524456082
2024-09-10 03:00:00,0.11892360161331735,0.2300880689072174,False,-0.7125897856529964
2024-09-10 04:00:00,0.09511452316978028,0.2300880689072174,False,-0.7989017482342842
2024-09-10 06:00:00,0.09397349479229963,0.2300880689072174,False,-0.7987796086645949
2024-09-10 07:00:00,0.07396494487865118,0.2300880689072174,False,-0.8611929287764332
2024-09-10 09:00:00,0.06437589514493344,0.2300880689072174,False,-0.9216520157732367
2024-09-10 12:00:00,0.07044146871679047,0.2300880689072174,False,-1.2484189859702022
2024-09-10 21:00:00,0.09312020128367249,0.2300880689072174,False,-0.9959350813395483
2024-09-11 00:00:00,0.10761005217945534,0.2300880689072174,False,-0.827604547111551
2024-09-11 01:00:00,0.12799972332016957,0.2300880689072174,False,-0.7507035949641137
2024-09-11 02:00:00,0.1398327383195337,0.2300880689072174,False,-0.7301982402833795
2024-09-11 03:00:00,0.14904050524040113,0.2300880689072174,False,-0.713316806901154
2024-09-11 04:00:00,0.1368871694690672,0.2300880689072174,False,-0.7187781905173191
2024-09-11 05:00:00,0.10674403387193222,0.2300880689072174,False,-0.9548914272390021
2024-09-11 06:00:00,0.12365553811673677,0.2300880689072174,False,-1.2628285471086909
2024-09-11 07:00:00,0.13983632400878845,0.2300880689072174,False,-1.4954026443943411
2024-09-11 08:00:00,0.17063055133049643,0.2300880689072174,False,-1.8561069664553262
2024-09-12 04:00:00,0.2448087123991527,0.2300880689072174,True,-2.121902299675538
2024-09-12 05:00:00,0.3007608513418214,0.2300880689072174,True,-2.1892775398060587
2024-09-12 07:00:00,0.31978676888215485,0.2300880689072174,True,-2.278866914174034
2024-09-12 08:00:00,0.29727974656213896,0.2300880689072174,True,-2.335528570913193
2024-09-12 09:00:00,0.24289520405803827,0.2300880689072174,True,-2.3409138155768145
2024-09-12 12:00:00,0.19846940698787333,0.2300880689072174,False,-2.2559657448570762
2024-09-13 02:00:00,0.20652170180648793,0.2300880689072174,False,-2.124726777224628
2024-09-13 03:00:00,0.26263424656383694,0.2300880689072174,True,-2.0703746687123648
2024-09-13 04:00:00,0.32334893461725456,0.2300880689072174,True,-2.067443319039784
2024-09-13 05:00:00,0.3311826066054989,0.2300880689072174,True,-2.0948025826504577
2024-09-13 06:00:00,0.3233687698908997,0.2300880689072174,True,-2.1143449138009296
2024-09-13 07:00:00,0.2892406721789548,0.2300880689072174,True,-2.069196894290352
2024-09-13 09:00:00,0.26191076927017914,0.2300880689072174,True,-1.9730905014538775
2024-09-13 11:00:00,0.2562466321371378,0.2300880689072174,True,-1.600442674328172
2024-09-13 17:00:00,0.2984838204405141,0.2300880689072174,True,-1.1424192879888075
2024-09-14 02:00:00,0.39349351857252346,0.2300880689072174,True,-1.1053610321849834
2024-09-14 03:00:00,0.45550497049587735,0.2300880689072174,True,-1.1598241766697033
2024-09-14 04:00:00,0.43573688244347686,0.2300880689072174,True,-1.3053229390635057
2024-09-14 05:00:00,0.3633133243627958,0.2300880689072174,True,-1.4965629703064027
2024-09-14 06:00:00,0.3004891711562427,0.2300880689072174,True,-1.6368347142973212
2024-09-14 07:00:00,0.2623744022639101,0.2300880689072174,True,-1.7238036397155714
2024-09-14 08:00:00,0.19658452743198257,0.2300880689072174,False,-1.7460941111840929
2024-09-14 16:00:00,0.14274303800401478,0.2300880689072174,False,-1.6816044183875043
2024-09-14 20:00:00,0.1150452824768812,0.2300880689072174,False,-1.5145174870509084
2024-09-15 00:00:00,0.11422920697144823,0.2300880689072174,False,-1.3099725704096843
2024-09-15 01:00:00,0.15055085498693507,0.2300880689072174,False,-1.121350212217195
2024-09-15 02:00:00,0.1944888225288201,0.2300880689072174,False,-1.121350212217195
2024-09-15 03:00:00,0.2283069415452198,0.2300880689072174,False,-1.2465051025344298
2024-09-15 04:00:00,0.2124479865464679,0.2300880689072174,False,-1.524614358145316
2024-09-15 05:00:00,0.20817098372170698,0.2300880689072174,False,-1.7050552157680876
2024-09-15 06:00:00,0.21373574478817556,0.2300880689072174,False,-1.7891483094999905
2024-09-15 07:00:00,0.1932340647915857,0.2300880689072174,False,-1.824187098554951
2024-09-15 08:00:00,0.1658129327697369,0.2300880689072174,False,-1.8969364797518602
2024-09-15 21:00:00,0.15123607314881124,0.2300880689072174,False,-1.8889974077219696
2024-09-15 22:00:00,0.11168702233195693,0.2300880689072174,False,-1.7857339533472714
2024-09-15 23:00:00,0.10360300287055818,0.2300880689072174,False,-1.5443806118402368
2024-09-16 01:00:00,0.1420190862709255,0.2300880689072174,False,-1.34553184058549
2024-09-16 02:00:00,0.21882559119557438,0.2300880689072174,False,-1.6112238401912384
2024-09-16 03:00:00,0.23825084895209295,0.2300880689072174,True,-1.9671308089210446
2024-09-16 04:00:00,0.24630399404039977,0.2300880689072174,True,-2.063046294530931
2024-09-16 05:00:00,0.2526569128178309,0.2300880689072174,True,-2.074954902575754
2024-09-16 06:00:00,0.22439749787449198,0.2300880689072174,False,-2.085947463847899
2024-09-16 07:00:00,0.1666941656809122,0.2300880689072174,False,-2.103352352528795
2024-09-16 08:00:00,0.12118654292135414,0.2300880689072174,False,-2.1045737482257043
2024-09-16 09:00:00,0.14161351313216958,0.2300880689072174,False,-2.142029882930775
2024-09-16 23:00:00,0.14592933824690213,0.2300880689072174,False,-2.079535136439149
2024-09-17 00:00:00,0.2026868500144793,0.2300880689072174,False,-1.8355848343611734
2024-09-17 01:00:00,0.256645804423805,0.2300880689072174,True,-1.555223274549576
2024-09-17 03:00:00,0.3286016061236189,0.2300880689072174,True,-1.4712800793804741
2024-09-17 07:00:00,0.37343748444339087,0.2300880689072174,True,-1.3972635001480282
2024-09-17 13:00:00,0.38314257934914997,0.2300880689072174,True,-1.2748796513181542
2024-09-17 22:00:00,0.36691506559885684,0.2300880689072174,True,-1.1866948820016194
2024-09-17 23:00:00,0.3015634249918281,0.2300880689072174,True,-1.152862221197348
2024-09-18 00:00:00,0.2220627383132828,0.2300880689072174,False,-1.1303441259853209
2024-09-18 02:00:00,0.15544497662820192,0.2300880689072174,False,-1.0650133356974525
2024-09-18 03:00:00,0.11315515312382626,0.2300880689072174,False,-1.0594818224932088
2024-09-18 04:00:00,0.08780333357097966,0.2300880689072174,False,-1.0102587217850625
2024-09-18 05:00:00,0.0637613548789853,0.2300880689072174,False,-0.9908135471104804
2024-09-18 22:00:00,0.04993808825385784,0.2300880689072174,False,-0.9363087641360935
2024-09-19 00:00:00,0.050288231635812794,0.2300880689072174,False,-0.9131022458948941
2024-09-19 01:00:00,0.04579131710704319,0.2300880689072174,False,-0.9274536453335354
2024-09-19 02:00:00,0.04462674188032052,0.2300880689072174,False,-0.7519478079432693
2024-09-19 03:00:00,0.054568610536922454,0.2300880689072174,False,-0.4358854986041795
2024-09-19 04:00:00,0.10206126601091194,0.2300880689072174,False,-0.476453284251368
2024-09-19 05:00:00,0.14499910319560322,0.2300880689072174,False,-0.661698298281957
2024-09-19 06:00:00,0.14200102324599156,0.2300880689072174,False,-0.8208868707785745
2024-09-19 07:00:00,0.1537672367749341,0.2300880689072174,False,-0.9668436565587213
2024-09-19 09:00:00,0.1691508564835853,0.2300880689072174,False,-0.9784469156793132
2024-09-19 10:00:00,0.15982134853230984,0.2300880689072174,False,-0.9045088547416866
2024-09-19 14:00:00,0.12546966014981825,0.2300880689072174,False,-0.737831963389039
2024-09-19 18:00:00,0.1373480089170337,0.2300880689072174,False,-0.5080568979087867
2024-09-19 21:00:00,0.1717337325724971,0.2300880689072174,False,-0.3256109156836058
2024-09-20 01:00:00,0.18301349435935255,0.2300880689072174,False,-0.1929368081073041
2024-09-20 03:00:00,0.2088968204137619,0.2300880689072174,False,-0.11105240492730326
2024-09-20 04:00:00,0.2332439727705574,0.2300880689072174,True,-0.1059123647028259
2024-09-20 05:00:00,0.2330601606068301,0.2300880689072174,True,-0.12469132354273839
2024-09-20 06:00:00,0.21066333894935105,0.2300880689072174,False,-0.22582288724646868
2024-09-20 07:00:00,0.17301318063175336,0.2300880689072174,False,-0.39688807885299093
2024-09-20 10:00:00,0.13526705620170223,0.2300880689072174,False,-0.33657998857696675
2024-09-20 11:00:00,0.0890956178903715,0.2300880689072174,False,-0.1479850843337144
2024-09-21 00:00:00,0.0841581186853749,0.2300880689072174,False,-0.08415625385171024
2024-09-21 01:00:00,0.12431008114899714,0.2300880689072174,False,0.08246611090732626
2024-09-21 03:00:00,0.17877413317487656,0.2300880689072174,False,0.27543790676332475
2024-09-21 06:00:00,0.22135632711699182,0.2300880689072174,False,0.28844577093536755
2024-09-21 07:00:00,0.24628260327111257,0.2300880689072174,True,0.29522451705319125
2024-09-21 08:00:00,0.2576103496652876,0.2300880689072174,True,0.3040185660709074
2024-09-21 10:00:00,0.23445057497718447,0.2300880689072174,True,0.32417159506984194
2024-09-21 11:00:00,0.2049071873810092,0.2300880689072174,False,0.47674427420821625
2024-09-21 20:00:00,0.16282071038295726,0.2300880689072174,False,0.5238697915138003
2024-09-22 01:00:00,0.12868149810946872,0.2300880689072174,False,0.5012739711210632
2024-09-22 03:00:00,0.11557048538162767,0.2300880689072174,False,0.49125852640644324
2024-09-22 04:00:00,0.1211327939808033,0.2300880689072174,False,0.38224896045766427
2024-09-22 05:00:00,0.1329040566257461,0.2300880689072174,False,0.2838655370719729
2024-09-22 06:00:00,0.1267152919096914,0.2300880689072174,False,0.2530863655099612
2024-09-22 07:00:00,0.1061421933291876,0.2300880689072174,False,0.2594376231338748
2024-09-22 12:00:00,0.05392347326192249,0.2300880689072174,False,0.3724930623286426
2024-09-23 02:00:00,0.03552644488423965,0.2300880689072174,False,0.4597465174262851
2024-09-23 03:00:00,0.05133261534694965,0.2300880689072174,False,0.47542109553656864
2024-09-23 04:00:00,0.09446829963466917,0.2300880689072174,False,0.4756857312708982
2024-09-23 05:00:00,0.1171887323057334,0.2300880689072174,False,0.4798995464252196
2024-09-23 07:00:00,0.1276630507508469,0.2300880689072174,False,0.4634107045170019
2024-09-23 08:00:00,0.11662120675858542,0.2300880689072174,False,0.34170734757539467
2024-09-23 09:00:00,0.11259175873929021,0.2300880689072174,False,0.23623110489268062
2024-09-23 10:00:00,0.0980356936338174,0.2300880689072174,False,0.12797103175792648
2024-09-24 01:00:00,0.08900025950856649,0.2300880689072174,False,0.09424385512747138
2024-09-24 03:00:00,0.06910111389099909,0.2300880689072174,False,0.12667191088030222
2024-09-24 04:00:00,0.03658211887186854,0.2300880689072174,False,0.08563301546429708
2024-09-24 06:00:00,0.031176655372902984,0.2300880689072174,False,-0.002987966601141623
2024-09-24 07:00:00,0.055617426254460145,0.2300880689072174,False,2.1901366232325793e-05
2024-09-24 08:00:00,0.07029946571035828,0.2300880689072174,False,0.02260899750400161
2024-09-24 12:00:00,0.07288958264555274,0.2300880689072174,False,0.16661155016909807
2024-09-24 13:00:00,0.0887656745890706,0.2300880689072174,False,0.41611978987747167
2024-09-24 20:00:00,0.1446159786096497,0.2300880689072174,False,0.6214287728040847
2024-09-24 23:00:00,0.2141145364357564,0.2300880689072174,False,0.6814298364145389
2024-09-25 02:00:00,0.25578861959993704,0.2300880689072174,True,0.7043310057315072
2024-09-25 03:00:00,0.2773343595623255,0.2300880689072174,True,0.6525743630751644
2024-09-25 04:00:00,0.24717348382694065,0.2300880689072174,True,0.5136100676598016
2024-09-25 05:00:00,0.21705087741350887,0.2300880689072174,False,0.37119532940067185
2024-09-25 06:00:00,0.19939863638557162,0.2300880689072174,False,0.21319907175104488
2024-09-25 07:00:00,0.15375936865354084,0.2300880689072174,False,-0.004231172935490939
2024-09-25 12:00:00,0.1149858214512926,0.2300880689072174,False,-0.15278342457155322
2024-09-25 21:00:00,0.11329878245029913,0.2300880689072174,False,-0.06743840025032304
2024-09-26 02:00:00,0.10146044127516385,0.2300880689072174,False,0.06584640517443578
2024-09-26 03:00:00,0.10631089289857786,0.2300880689072174,False,0.06427603927840984
2024-09-26 04:00:00,0.12327359300247435,0.2300880689072174,False,0.015111506995305057
2024-09-26 05:00:00,0.14664878219165986,0.2300880689072174,False,-0.05763669978265809
2024-09-26 07:00:00,0.14339616989856938,0.2300880689072174,False,-0.07843096152246298
2024-09-26 10:00:00,0.12569651407093663,0.2300880689072174,False,-0.04591130109237165
2024-09-27 03:00:00,0.10240178472566419,0.2300880689072174,False,-0.045453277706032705
2024-09-27 04:00:00,0.0774021122033699,0.2300880689072174,False,-0.06972851718201777
2024-09-27 05:00:00,0.08782294697485453,0.2300880689072174,False,-0.14644743439386446
2024-09-27 06:00:00,0.09164785245204554,0.2300880689072174,False,-0.34903950586969157
2024-09-27 08:00:00,0.08182241136085794,0.2300880689072174,False,-0.4489718810710103
2024-09-27 13:00:00,0.07881633696843784,0.2300880689072174,False,-0.4984384067956584
2024-09-28 00:00:00,0.06258661518226905,0.2300880689072174,False,-0.5911423401907457
2024-09-28 01:00:00,0.047272884772066245,0.2300880689072174,False,-0.6171580685348261
2024-09-28 02:00:00,0.05116546442559505,0.2300880689072174,False,-0.6188985574029162
2024-09-28 03:00:00,0.0643412639164651,0.2300880689072174,False,-0.5784398249429393
2024-09-28 05:00:00,0.06643535396135501,0.2300880689072174,False,-0.5501950494520116
2024-09-28 06:00:00,0.05724600713334653,0.2300880689072174,False,-0.5903048117128663
2024-09-28 07:00:00,0.06797209186896162,0.2300880689072174,False,-0.8034819820976788
2024-09-28 10:00:00,0.0614377439333409,0.2300880689072174,False,-1.0311704965957136
2024-09-28 11:00:00,0.0831677037841508,0.2300880689072174,False,-0.9824297277344378
2024-09-28 12:00:00,0.09309422749659199,0.2300880689072174,False,-0.930201785651569
2024-09-28 17:00:00,0.09294433713233693,0.2300880689072174,False,-0.9088273609557306
2024-09-28 19:00:00,0.11416051170040022,0.2300880689072174,False,-0.7753462597939783
2024-09-28 20:00:00,0.13990551768585535,0.2300880689072174,False,-0.3814342508307866
2024-09-28 21:00:00,0.17155038219029295,0.2300880689072174,False,-0.18652448069855884
2024-09-29 02:00:00,0.19600426938982826,0.2300880689072174,False,-0.13751597836024454
2024-09-29 03:00:00,0.25231891281278757,0.2300880689072174,True,-0.11663011194316353
2024-09-29 06:00:00,0.26783952470700634,0.2300880689072174,True,-0.09960573499861478
2024-09-29 07:00:00,0.24916220304997175,0.2300880689072174,True,-0.09675189697603652
2024-09-29 08:00:00,0.2191062210006689,0.2300880689072174,False,-0.03756509716351645
2024-09-29 09:00:00,0.16925870803500126,0.2300880689072174,False,0.07500687290122515
2024-09-29 22:00:00,0.1471162436734325,0.2300880689072174,False,0.15241282519257504
2024-09-30 00:00:00,0.1603952464183363,0.2300880689072174,False,0.19653574474326868
2024-09-30 02:00:00,0.17776152474306797,0.2300880689072174,False,0.10172490377101795
2024-09-30 03:00:00,0.1798078617661924,0.2300880689072174,False,0.01477679759759102
2024-09-30 04:00:00,0.15514379293577626,0.2300880689072174,False,0.011982854940929686
2024-09-30 05:00:00,0.1319856999410366,0.2300880689072174,False,-0.011101523730575158
2024-09-30 07:00:00,0.09634095931567119,0.2300880689072174,False,-0.009880128033671297
2024-09-30 08:00:00,0.0663616856558012,0.2300880689072174,False,0.00774286702166328
2024-10-01 01:00:00,0.07060592002843258,0.2300880689072174,False,0.08123599095543381
2024-10-01 02:00:00,0.09225283927940996,0.2300880689072174,False,0.17495775409794806
2024-10-01 03:00:00,0.12334571970371525,0.2300880689072174,False,0.26646064839107203
2024-10-01 04:00:00,0.15493811765794976,0.2300880689072174,False,0.2863083284657858
2024-10-01 05:00:00,0.17604953131265344,0.2300880689072174,False,0.2190094255663164
2024-10-01 06:00:00,0.17582645142961398,0.2300880689072174,False,0.13602968098889665
2024-10-01 07:00:00,0.1549189140516517,0.2300880689072174,False,0.1421281182447719
2024-10-01 08:00:00,0.1317243418866781,0.2300880689072174,False,0.11653432659598768
2024-10-01 12:00:00,0.09508901852385937,0.2300880689072174,False,0.12996967926194578
2024-10-01 13:00:00,0.06646330746129102,0.2300880689072174,False,0.10615246317229965
2024-10-01 14:00:00,0.062035568803889905,0.2300880689072174,False,0.05613630938404176
2024-10-01 15:00:00,0.06970061203576317,0.2300880689072174,False,0.062182218083718994
2024-10-01 16:00:00,0.08120090051237734,0.2300880689072174,False,0.03386804511001775
2024-10-01 21:00:00,0.08387868046124165,0.2300880689072174,False,0.24978859712832807
2024-10-02 13:00:00,0.09543368047978652,0.2300880689072174,False,0.79191304282372
2024-10-02 16:00:00,0.1845420154994364,0.2300880689072174,False,1.0647038061033267
2024-10-02 17:00:00,0.2906558622837678,0.2300880689072174,True,1.0808262293024713
2024-10-02 22:00:00,0.35455521537953466,0.2300880689072174,True,1.4214546984662295
2024-10-02 23:00:00,0.3924237286504233,0.2300880689072174,True,1.76847200665997
2024-10-03 00:00:00,0.37398987342726414,0.2300880689072174,True,1.9100775702698862
2024-10-03 01:00:00,0.2842614668488211,0.2300880689072174,True,1.9785520665276215
2024-10-03 02:00:00,0.19367389144258856,0.2300880689072174,False,1.9997229252739672
2024-10-03 03:00:00,0.17682130059021384,0.2300880689072174,False,2.0711560675475016
2024-10-03 04:00:00,0.16317793004062622,0.2300880689072174,False,2.097271728266789
2024-10-03 05:00:00,0.18042236236213638,0.2300880689072174,False,2.078950792813216
2024-10-03 07:00:00,0.18151671564959226,0.2300880689072174,False,1.8086670286853879
2024-10-03 19:00:00,0.18778174438495984,0.2300880689072174,False,1.8608909477257718
2024-10-03 20:00:00,0.1987391980586819,0.2300880689072174,False,2.1892428242437196
2024-10-04 02:00:00,0.21634233421777382,0.2300880689072174,False,2.381612646506255
2024-10-04 03:00:00,0.27316532269353466,0.2300880689072174,True,2.4116589806501203
2024-10-04 04:00:00,0.3431201606591551,0.2300880689072174,True,2.360793401672651
2024-10-04 05:00:00,0.357057083479677,0.2300880689072174,True,2.3116266730736097
2024-10-04 14:00:00,0.3176571022369458,0.2300880689072174,True,2.2838070372387103
2024-10-04 15:00:00,0.3097014335681637,0.2300880689072174,True,2.389607236522374
2024-10-04 22:00:00,0.3647882053392222,0.2300880689072174,True,2.32359635090328
2024-10-04 23:00:00,0.4100142465181948,0.2300880689072174,True,2.213976087106054
2024-10-05 01:00:00,0.4144747846478982,0.2300880689072174,True,2.1599293275180065
2024-10-05 02:00:00,0.3966202660088795,0.2300880689072174,True,2.114126988884075
2024-10-05 03:00:00,0.3727271742351224,0.2300880689072174,True,2.030017239756294
2024-10-05 05:00:00,0.3468447578964872,0.2300880689072174,True,1.8364630337876788
2024-10-05 06:00:00,0.31051245601423405,0.2300880689072174,True,1.6841957035735253
2024-10-05 07:00:00,0.26511963830129465,0.2300880689072174,True,1.6406616712338382
2024-10-05 16:00:00,0.21275757238189638,0.2300880689072174,False,1.7635100866412876
2024-10-05 17:00:00,0.19089108368564225,0.2300880689072174,False,1.9030290992689967
2024-10-06 00:00:00,0.23241710875802415,0.2300880689072174,True,1.9141234435158856
2024-10-06 02:00:00,0.24604719784748835,0.2300880689072174,True,2.0017585847688157
2024-10-06 03:00:00,0.23718909615771894,0.2300880689072174,True,2.0179420777528128
2024-10-06 04:00:00,0.18165780754197525,0.2300880689072174,False,2.013178634534871
2024-10-06 05:00:00,0.14380860333182352,0.2300880689072174,False,2.058553484674892
2024-10-06 07:00:00,0.15216093604870368,0.2300880689072174,False,2.0609962760687104
2024-10-06 16:00:00,0.18425467300712764,0.2300880689072174,False,2.0445074341604923
2024-10-06 17:00:00,0.20614657386508853,0.2300880689072174,False,2.0536679018872768
2024-10-06 23:00:00,0.21751830360788563,0.2300880689072174,False,2.0793172115222784
2024-10-07 00:00:00,0.22976128784091587,0.2300880689072174,False,2.0820653518403174
2024-10-07 02:00:00,0.23545053611533362,0.2300880689072174,True,2.1248376896107732
2024-10-07 03:00:00,0.24235101627838007,0.2300880689072174,True,2.17137991217648
2024-10-07 05:00:00,0.25276185415569274,0.2300880689072174,True,2.1271348530561127
2024-10-07 06:00:00,0.2575867639538031,0.2300880689072174,True,1.8783976193814111
2024-10-07 08:00:00,0.24834694799929175,0.2300880689072174,True,1.7761057297656242
2024-10-07 09:00:00,0.23291243424116248,0.2300880689072174,True,1.7330515314497215
2024-10-07 10:00:00,0.21292283867918962,0.2300880689072174,False,1.7397692077826978
2024-10-07 16:00:00,0.19081377570125163,0.2300880689072174,False,1.7361050206919864
2024-10-08 00:00:00,0.19720529109157672,0.2300880689072174,False,1.676867329392097
2024-10-08 01:00:00,0.19265272364301972,0.2300880689072174,False,1.6460270880452432
2024-10-08 03:00:00,0.16383840638380687,0.2300880689072174,False,1.5525903172320095
2024-10-08 04:00:00,0.10931156440873108,0.2300880689072174,False,1.3816559894501599
2024-10-08 06:00:00,0.0723768885454597,0.2300880689072174,False,1.185255561387845
2024-10-08 07:00:00,0.07253706086099285,0.2300880689072174,False,0.9892215520345984
2024-10-08 15:00:00,0.09131711700527159,0.2300880689072174,False,0.7213869242132911
2024-10-08 23:00:00,0.12530700814527646,0.2300880689072174,False,0.33621106693932734
2024-10-09 00:00:00,0.16505080797136795,0.2300880689072174,False,0.2760137075918744
2024-10-09 01:00:00,0.1829819811238096,0.2300880689072174,False,0.2827968158371924
2024-10-09 02:00:00,0.16101560004038923,0.2300880689072174,False,0.2976062386621569
2024-10-09 03:00:00,0.17558453189790238,0.2300880689072174,False,0.30859879993430206
2024-10-09 04:00:00,0.1671173007607006,0.2300880689072174,False,0.31424775503247726
2024-10-09 05:00:00,0.12058253167333999,0.2300880689072174,False,0.38384549911861954
2024-10-09 06:00:00,0.10672143389794919,0.2300880689072174,False,0.2537377765483148
2024-10-09 07:00:00,0.08270440529356689,0.2300880689072174,False,0.0794562429399471
2024-10-09 08:00:00,0.10318015864050531,0.2300880689072174,False,-0.05843060698565705
2024-10-09 13:00:00,0.10537647009171727,0.2300880689072174,False,0.040540613079175065
2024-10-09 14:00:00,0.07607541795771408,0.2300880689072174,False,0.16353030193371654
2024-10-09 21:00:00,0.07928819269586063,0.2300880689072174,False,0.053021750356929624
2024-10-09 22:00:00,0.07576328707404036,0.2300880689072174,False,0.047220120796641486
2024-10-09 23:00:00,0.1146192316741545,0.2300880689072174,False,0.024929649328125195
2024-10-10 00:00:00,0.12211811005453466,0.2300880689072174,False,-0.07077542777937361
2024-10-10 01:00:00,0.1102724087471391,0.2300880689072174,False,-0.18515041053953157
2024-10-10 02:00:00,0.08232439550219627,0.2300880689072174,False,-0.2501897313997299
2024-10-10 03:00:00,0.04619091358241624,0.2300880689072174,False,-0.31278626086610484
2024-10-10 04:00:00,0.029713352915175018,0.2300880689072174,False,-0.4799509173834213
2024-10-10 05:00:00,0.026129002372563645,0.2300880689072174,False,-0.6858354037207962
2024-10-10 07:00:00,0.03774914911617701,0.2300880689072174,False,-0.8193165048825486
2024-10-10 10:00:00,0.06464244543446457,0.2300880689072174,False,-0.8941706125928687
2024-10-10 16:00:00,0.08570194995103536,0.2300880689072174,False,-0.8373757126867922
2024-10-10 23:00:00,0.09547751412812433,0.2300880689072174,False,-0.7573742945395164
2024-10-11 01:00:00,0.12084293603254898,0.2300880689072174,False,-0.49058657731555466
2024-10-11 02:00:00,0.16038803323574405,0.2300880689072174,False,-0.2053034395384661
2024-10-11 03:00:00,0.1888226477528023,0.2300880689072174,False,-0.04591130109237686
2024-10-11 05:00:00,0.23501863769247686,0.2300880689072174,True,0.08966362126408191
2024-10-11 06:00:00,0.2787907329947175,0.2300880689072174,True,0.1329010289345213
2024-10-11 07:00:00,0.3009241153618899,0.2300880689072174,True,0.12630549217123418
2024-10-11 08:00:00,0.2810183620460554,0.2300880689072174,True,0.11470223305063709
2024-10-11 10:00:00,0.2459080624664961,0.2300880689072174,True,0.1603010057350861
2024-10-11 11:00:00,0.2008923016144414,0.2300880689072174,False,0.19180283641776621
2024-10-12 00:00:00,0.1556022927381764,0.2300880689072174,False,0.286482813565339
2024-10-12 02:00:00,0.1332120437402497,0.2300880689072174,False,0.35636409593826185
2024-10-12 04:00:00,0.14192678347856016,0.2300880689072174,False,0.385546728839313
2024-10-12 05:00:00,0.15061090263345095,0.2300880689072174,False,0.30683717152529894
2024-10-12 06:00:00,0.14946118242345488,0.2300880689072174,False,0.2398952919833974
2024-10-12 07:00:00,0.13557041983456372,0.2300880689072174,False,0.20549264652057062
2024-10-12 08:00:00,0.11093330025479234,0.2300880689072174,False,0.1510387550335582
2024-10-12 09:00:00,0.08737438421383692,0.2300880689072174,False,0.11952674605340005
2024-10-12 12:00:00,0.0534397464245189,0.2300880689072174,False,0.12722153894391208
2024-10-12 20:00:00,0.03224211523036533,0.2300880689072174,False,0.24936110863440755
2024-10-12 21:00:00,0.05708662861643588,0.2300880689072174,False,0.39452398721156057
2024-10-12 22:00:00,0.09678594909931736,0.2300880689072174,False,0.5583742199513656
2024-10-12 23:00:00,0.15439325748733979,0.2300880689072174,False,0.6571545969385487
2024-10-13 01:00:00,0.19394311858482086,0.2300880689072174,False,0.5717077896425852
2024-10-13 02:00:00,0.20310405990015615,0.2300880689072174,False,0.5147093237870057
2024-10-13 03:00:00,0.18394784470895298,0.2300880689072174,False,0.4597465174262851
2024-10-13 04:00:00,0.1699263743630037,0.2300880689072174,False,0.4144022021786928
2024-10-13 05:00:00,0.14413553011541538,0.2300880689072174,False,0.40050882612639577
2024-10-13 06:00:00,0.09680896948428841,0.2300880689072174,False,0.4189407975524151
2024-10-13 16:00:00,0.03619624549957345,0.2300880689072174,False,0.55501538178488
2024-10-14 03:00:00,0.030544050167176463,0.2300880689072174,False,0.7810291036985099
2024-10-14 04:00:00,0.06242362983060706,0.2300880689072174,False,1.0116646979652224
2024-10-14 07:00:00,0.11572119855134327,0.2300880689072174,False,1.0957119893585026
2024-10-14 08:00:00,0.15286655489794332,0.2300880689072174,False,1.1019970880488221
2024-10-14 09:00:00,0.16463400044488818,0.2300880689072174,False,1.057314362137051
2024-10-14 23:00:00,0.18592895801824294,0.2300880689072174,False,1.0643373873942483
2024-10-15 00:00:00,0.19135800901937006,0.2300880689072174,False,1.0899866970292607
2024-10-15 01:00:00,0.15606393071819868,0.2300880689072174,False,1.1229643808456908
2024-10-15 02:00:00,0.07778181772563174,0.2300880689072174,False,1.1638811366920014
2024-10-15 04:00:00,0.03761193618158515,0.2300880689072174,False,1.2860207063825022
2024-10-15 05:00:00,0.05428843301844438,0.2300880689072174,False,1.3053594715835026
2024-10-15 06:00:00,0.05621089538988003,0.2300880689072174,False,1.2878527999278528
2024-10-15 07:00:00,0.05173004601185849,0.2300880689072174,False,1.1563084833711996
2024-10-15 11:00:00,0.06677942493230368,0.2300880689072174,False,1.004488998245907
2024-10-15 12:00:00,0.08174604209925332,0.2300880689072174,False,0.9517654173295067
2024-10-15 16:00:00,0.07512318108361488,0.2300880689072174,False,0.9342587456738674
2024-10-15 21:00:00,0.06021117746076973,0.2300880689072174,False,0.9489154940367293
2024-10-16 02:00:00,0.06343303117661475,0.2300880689072174,False,0.8829601264038687
2024-10-16 03:00:00,0.07587560201653532,0.2300880689072174,False,0.835325694224566
2024-10-16 04:00:00,0.05876275675926208,0.2300880689072174,False,0.8267759243462338
2024-10-16 05:00:00,0.03231678637985767,0.2300880689072174,False,0.7812789346365233
2024-10-16 06:00:00,0.025346050704230655,0.2300880689072174,False,0.7738196966304326
2024-10-16 23:00:00,0.024114496285230755,0.2300880689072174,False,0.9669310805660768
2024-10-17 00:00:00,0.04011137248720875,0.2300880689072174,False,1.1306591737361924
2024-10-17 01:00:00,0.05988541035561276,0.2300880689072174,False,1.1379264781327736
2024-10-17 03:00:00,0.05890566111939649,0.2300880689072174,False,1.0533448261221083
2024-10-17 04:00:00,0.09050509269954168,0.2300880689072174,False,0.8279973200431376
2024-10-17 06:00:00,0.1425559046203831,0.2300880689072174,False,0.44728828131785736
2024-10-17 07:00:00,0.20059685504597868,0.2300880689072174,False,0.2099710974092268
2024-10-17 08:00:00,0.21113864850923822,0.2300880689072174,False,0.07744966429503287
2024-10-17 16:00:00,0.17049159775911665,0.2300880689072174,False,0.0452353527891623
2024-10-17 22:00:00,0.15294021549388004,0.2300880689072174,False,0.04508267832704932
2024-10-18 00:00:00,0.1602367906459184,0.2300880689072174,False,0.020654764388951266
2024-10-18 01:00:00,0.1405633400498818,0.2300880689072174,False,-0.05030832560122451
2024-10-18 03:00:00,0.1050549073772157,0.2300880689072174,False,-0.054613745432822075
2024-10-18 04:00:00,0.08989805444285283,0.2300880689072174,False,-0.06469025993228414
2024-10-18 05:00:00,0.06990717987121571,0.2300880689072174,False,-0.08885099356168186
2024-10-18 06:00:00,0.069725156692165,0.2300880689072174,False,-0.1448443525416729
2024-10-18 07:00:00,0.07456895562549934,0.2300880689072174,False,-0.1485085396323845
2024-10-18 14:00:00,0.07624648315581442,0.2300880689072174,False,0.038937531226993956
2024-10-19 00:00:00,0.09410392861200334,0.2300880689072174,False,0.274934081038353
2024-10-19 02:00:00,0.15456357045216418,0.2300880689072174,False,0.30091810007106373
2024-10-19 03:00:00,0.2102825125727742,0.2300880689072174,False,0.3403987093287194
2024-10-19 06:00:00,0.2348483217934732,0.2300880689072174,True,0.18645923024380662
2024-10-19 09:00:00,0.22858260827282678,0.2300880689072174,False,-0.03345306498393873
2024-10-19 10:00:00,0.20953600959100907,0.2300880689072174,False,-0.07339270427272936
2024-10-19 13:00:00,0.1717614093696874,0.2300880689072174,False,-0.05067474431029775
2024-10-19 14:00:00,0.09721903875431223,0.2300880689072174,False,0.050666201512898516
2024-10-20 03:00:00,0.0691441486282459,0.2300880689072174,False,0.045998725099737625
2024-10-20 04:00:00,0.08666900849236478,0.2300880689072174,False,0.015725560326450116
2024-10-20 05:00:00,0.13166610163860926,0.2300880689072174,False,0.06340361378061765
2024-10-20 06:00:00,0.1367046555846052,0.2300880689072174,False,0.08050315353729254
2024-10-20 08:00:00,0.13472140753023673,0.2300880689072174,False,0.026151045025029056
2024-10-20 12:00:00,0.11794948383957651,0.2300880689072174,False,0.018211972995138336
2024-10-20 13:00:00,0.1141588943024685,0.2300880689072174,False,0.054243146053843894
2024-10-20 20:00:00,0.10642753885268957,0.2300880689072174,False,0.2642359633717136
2024-10-20 22:00:00,0.11909490357349795,0.2300880689072174,False,0.2985222854348296
2024-10-20 23:00:00,0.14855006163550957,0.2300880689072174,False,0.3163851975020694
2024-10-21 02:00:00,0.17506124851069266,0.2300880689072174,False,0.371806027249129
2024-10-21 03:00:00,0.19525872404714725,0.2300880689072174,False,0.4194404594284264
2024-10-21 04:00:00,0.19251340848455828,0.2300880689072174,False,0.5346587868364527
2024-10-21 05:00:00,0.17085377175723349,0.2300880689072174,False,0.6289098214476261
2024-10-21 06:00:00,0.1481752336923236,0.2300880689072174,False,0.6679944837485913
2024-10-21 07:00:00,0.12969796565670827,0.2300880689072174,False,0.668605181597038
2024-10-21 08:00:00,0.12476273838843091,0.2300880689072174,False,0.6570019224764408
2024-10-21 09:00:00,0.12463418754417349,0.2300880689072174,False,0.5581299408119869
2024-10-21 13:00:00,0.12770991499296264,0.2300880689072174,False,0.5116558345447513
2024-10-21 17:00:00,0.1262880802815523,0.2300880689072174,False,0.5165414173323719
2024-10-21 18:00:00,0.09019755402619747,0.2300880689072174,False,0.35910351200131735
2024-10-22 00:00:00,0.06586664041714743,0.2300880689072174,False,0.3235608972213796
2024-10-22 02:00:00,0.06089731368533081,0.2300880689072174,False,0.45291780512086804
2024-10-22 03:00:00,0.04782648587458718,0.2300880689072174,False,0.528450025377195
2024-10-22 04:00:00,0.056450592702309024,0.2300880689072174,False,0.5264347224772922
2024-10-22 05:00:00,0.055661054493645376,0.2300880689072174,False,0.5403586334220128
2024-10-22 06:00:00,0.07346775377254505,0.2300880689072174,False,0.5566439093807535
2024-10-22 07:00:00,0.09058249033389469,0.2300880689072174,False,0.5715042236930925
2024-10-22 09:00:00,0.09813208574818497,0.2300880689072174,False,0.6105888859940473
2024-10-23 01:00:00,0.08196687067080852,0.2300880689072174,False,0.6905903041413283
2024-10-23 02:00:00,0.05731564484499301,0.2300880689072174,False,0.7481180414655512
2024-10-23 03:00:00,0.053617860608557125,0.2300880689072174,False,0.7892943438974601
2024-10-23 04:00:00,0.05817049556511113,0.2300880689072174,False,0.7020825272894692
2024-10-23 05:00:00,0.08871646500224499,0.2300880689072174,False,0.5887782485493206
2024-10-23 06:00:00,0.11506513336391834,0.2300880689072174,False,0.5403586334220181
2024-10-23 07:00:00,0.12524079371112634,0.2300880689072174,False,0.5793714489172725
2024-10-23 09:00:00,0.099350655434637,0.2300880689072174,False,0.7267741516621417
2024-10-23 11:00:00,0.0655070383145871,0.2300880689072174,False,0.8815860562448466
2024-10-24 02:00:00,0.05389365731839485,0.2300880689072174,False,1.0600188811801992
2024-10-24 04:00:00,0.07847912368223754,0.2300880689072174,False,1.2334396216307473
2024-10-24 05:00:00,0.09586246263960202,0.2300880689072174,False,1.2535010459524056
2024-10-24 06:00:00,0.11601470665606968,0.2300880689072174,False,1.2820947916424503
2024-10-24 07:00:00,0.13755337105778906,0.2300880689072174,False,1.2894813275237367
2024-10-24 08:00:00,0.15443648341740618,0.2300880689072174,False,1.2860207063825022
2024-10-24 09:00:00,0.1268848756872405,0.2300880689072174,False,1.1898357952512397
2024-10-24 23:00:00,0.09014038768529516,0.2300880689072174,False,1.212736964568203
2024-10-25 01:00:00,0.0409563046909982,0.2300880689072174,False,1.2924330337912526
2024-10-25 02:00:00,0.038227454452759047,0.2300880689072174,False,1.3877018981498423
2024-10-25 03:00:00,0.061802115498483384,0.2300880689072174,False,1.4708004268142634
2024-10-25 04:00:00,0.07920867161708348,0.2300880689072174,False,1.5951210602492367
2024-10-25 05:00:00,0.08920821403233889,0.2300880689072174,False,1.8321372573611356
2024-10-25 06:00:00,0.10731478518106755,0.2300880689072174,False,1.7198604579231473
2024-10-25 07:00:00,0.09892710345832564,0.2300880689072174,False,1.6084691703654235
2024-10-25 08:00:00,0.09490100780575456,0.2300880689072174,False,1.5560431089136475
2024-10-25 09:00:00,0.09367493730129017,0.2300880689072174,False,1.533353335005758
2024-10-26 00:00:00,0.08301385890159552,0.2300880689072174,False,1.6545768579235807
2024-10-26 02:00:00,0.0793696970999701,0.2300880689072174,False,1.838527774132446
2024-10-26 03:00:00,0.1478840280142173,0.2300880689072174,False,1.9474064762565417
2024-10-26 04:00:00,0.20497270001165988,0.2300880689072174,False,1.9313756577346681
2024-10-26 05:00:00,0.18371069116350125,0.2300880689072174,False,1.8516795885116184
2024-10-26 07:00:00,0.14719769063658864,0.2300880689072174,False,1.7971748055372314
2024-10-26 08:00:00,0.12415501097512244,0.2300880689072174,False,1.6658747681199466
2024-10-26 09:00:00,0.11074647032476154,0.2300880689072174,False,1.474879016016444
2024-10-26 11:00:00,0.1105736759476082,0.2300880689072174,False,1.3384185817797205
2024-10-26 15:00:00,0.10280472474827587,0.2300880689072174,False,1.2811351235948816
2024-10-27 02:00:00,0.10278921313487735,0.2300880689072174,False,1.2501116728934965
2024-10-27 03:00:00,0.11925741650741653,0.2300880689072174,False,1.246892422806667
2024-10-27 06:00:00,0.13238996950458562,0.2300880689072174,False,1.3203070284456182
2024-10-27 07:00:00,0.1517133466913887,0.2300880689072174,False,1.2508445103116377
2024-10-27 10:00:00,0.1280238477037853,0.2300880689072174,False,1.1296820571786674
2024-10-27 11:00:00,0.07106236397871879,0.2300880689072174,False,1.118689495906517
2024-10-27 19:00:00,0.04063397678996958,0.2300880689072174,False,1.1760950936610557
2024-10-28 01:00:00,0.04224814914376082,0.2300880689072174,False,1.2713639580196403
2024-10-28 02:00:00,0.0603455198632776,0.2300880689072174,False,1.3276354026270516
2024-10-28 03:00:00,0.08249867859945456,0.2300880689072174,False,1.334876534258693
2024-10-28 04:00:00,0.0836749761013717,0.2300880689072174,False,1.3655859117808844
2024-10-28 05:00:00,0.05871067831337537,0.2300880689072174,False,1.3961753307971128
2024-10-28 06:00:00,0.04663277346725378,0.2300880689072174,False,1.4950459245119185
2024-10-28 07:00:00,0.05730325847587914,0.2300880689072174,False,1.571827299458266
2024-10-28 08:00:00,0.07262629707971219,0.2300880689072174,False,1.6173242891679764
2024-10-28 14:00:00,0.07816426560647088,0.2300880689072174,False,1.7174787363141817
2024-10-28 20:00:00,0.08412725935391763,0.2300880689072174,False,1.7485225436105176
2024-10-28 21:00:00,0.08440981575904513,0.2300880689072174,False,1.7367157185404434
2024-10-28 22:00:00,0.0861306823669385,0.2300880689072174,False,1.7580901432362714
2024-10-29 00:00:00,0.08497146060638766,0.2300880689072174,False,1.802365737249078
2024-10-29 01:00:00,0.07510409333491694,0.2300880689072174,False,1.7961976889797115
2024-10-29 02:00:00,0.0777343296355543,0.2300880689072174,False,1.7312194379043604
2024-10-29 03:00:00,0.09806781080103588,0.2300880689072174,False,1.6817529121797123
2024-10-29 04:00:00,0.10975822448289119,0.2300880689072174,False,1.6025657578303811
2024-10-29 07:00:00,0.09547277643738689,0.2300880689072174,False,1.4344202835564566
2024-10-29 08:00:00,0.08364486573155655,0.2300880689072174,False,1.3464797933793005
2024-10-29 09:00:00,0.06995434634362346,0.2300880689072174,False,1.247047080053988
2024-10-29 11:00:00,0.062381171012817344,0.2300880689072174,False,1.1376211292085476
2024-10-29 12:00:00,0.07885588819145395,0.2300880689072174,False,1.1504457840260487
2024-10-29 13:00:00,0.10025492837509437,0.2300880689072174,False,1.2342640637261542
2024-10-29 14:00:00,0.12297231124766597,0.2300880689072174,False,1.3741444059141896
2024-10-29 18:00:00,0.14298607210466552,0.2300880689072174,False,1.5434298495052252
2024-10-29 19:00:00,0.14415303540365343,0.2300880689072174,False,1.6414468541818434
2024-10-29 21:00:00,0.12949254634138363,0.2300880689072174,False,1.8515269140495105
2024-10-29 22:00:00,0.10668122816491193,0.2300880689072174,False,1.9657274117101204
2024-10-29 23:00:00,0.11311361806021761,0.2300880689072174,False,1.9657274117101204
2024-10-30 00:00:00,0.11748538625374069,0.2300880689072174,False,1.9496049885109707
2024-10-30 01:00:00,0.1315452533811327,0.2300880689072174,False,1.8599240094657246
2024-10-30 03:00:00,0.13736467574956945,0.2300880689072174,False,1.7782901489927745
2024-10-30 04:00:00,0.12573991820292105,0.2300880689072174,False,1.6864349290178509
2024-10-30 05:00:00,0.13398480438019555,0.2300880689072174,False,1.652177687804664
2024-10-30 06:00:00,0.13784768837678743,0.2300880689072174,False,1.635950573545776
2024-10-30 07:00:00,0.1266685786412343,0.2300880689072174,False,1.5436588611983946
2024-10-30 10:00:00,0.1296582776853394,0.2300880689072174,False,1.650149298522299
2024-10-30 21:00:00,0.133059869707644,0.2300880689072174,False,1.728471297586332
2024-10-30 22:00:00,0.14976391955153873,0.2300880689072174,False,1.7693269836477954
2024-10-31 00:00:00,0.15019154023849693,0.2300880689072174,False,1.9260875695469366
2024-10-31 01:00:00,0.15145255621341092,0.2300880689072174,False,2.0217371286681867
2024-10-31 02:00:00,0.1519563725602292,0.2300880689072174,False,1.7891921122324708
2024-10-31 04:00:00,0.13006286110968468,0.2300880689072174,False,1.6927454734518472
2024-10-31 05:00:00,0.10207313631369289,0.2300880689072174,False,1.616975318968865
2024-10-31 06:00:00,0.11100227685510755,0.2300880689072174,False,1.4155996862268823
2024-10-31 08:00:00,0.10259482154770286,0.2300880689072174,False,1.2151797559620106
2024-10-31 15:00:00,0.10739941066480246,0.2300880689072174,False,1.201744403296063
2024-10-31 16:00:00,0.12214845117587039,0.2300880689072174,False,1.1624852558955443
2024-10-31 17:00:00,0.126419120561658,0.2300880689072174,False,1.1504457840260487
2024-10-31 22:00:00,0.12759703372137007,0.2300880689072174,False,1.3812895707410866
2024-11-01 02:00:00,0.1679884798100816,0.2300880689072174,False,1.5592643722901
2024-11-01 03:00:00,0.19630865927708,0.2300880689072174,False,1.3800681750441879
2024-11-01 06:00:00,0.12885810367262665,0.2300880689072174,False,1.2109048710228418
2024-11-01 23:00:00,0.09923784157160981,0.2300880689072174,False,1.2493788354753603
2024-11-02 00:00:00,0.0998057744157968,0.2300880689072174,False,1.3281588579257217
2024-11-02 02:00:00,0.10514972922199278,0.2300880689072174,False,1.3181656204055836
2024-11-02 03:00:00,0.10114953911516356,0.2300880689072174,False,1.2805244257464297
2024-11-02 04:00:00,0.0967362366044392,0.2300880689072174,False,1.2603713967475003
2024-11-02 05:00:00,0.09545330122351864,0.2300880689072174,False,1.250752905634372
2024-11-02 06:00:00,0.04834621595647748,0.2300880689072174,False,1.234722087112493
2024-11-02 08:00:00,0.03215550618085977,0.2300880689072174,False,1.1731637439884801
2024-11-02 09:00:00,0.02739113401055182,0.2300880689072174,False,1.1128878663462185
2024-11-02 15:00:00,0.02699308455219876,0.2300880689072174,False,1.0618945960004407
2024-11-02 22:00:00,0.016374963316173358,0.2300880689072174,False,1.3767575498657354
2024-11-02 23:00:00,0.0767301547402123,0.2300880689072174,False,1.9162608859854724
2024-11-03 00:00:00,0.16504257686643414,0.2300880689072174,False,2.1401834304180465
2024-11-03 01:00:00,0.21445692732542104,0.2300880689072174,False,2.308067177042631
2024-11-03 03:00:00,0.21318554469032672,0.2300880689072174,False,2.442300745196228
2024-11-03 04:00:00,0.2201526742082336,0.2300880689072174,False,2.5361192021647443
2024-11-03 05:00:00,0.2486864696300203,0.2300880689072174,True,2.5629899074966502
2024-11-03 06:00:00,0.2988763476866728,0.2300880689072174,True,2.6097082929032696
2024-11-03 07:00:00,0.359746374732292,0.2300880689072174,True,2.395536557450981
2024-11-03 13:00:00,0.41739273165750923,0.2300880689072174,True,2.2533660983312505
2024-11-03 15:00:00,0.4603805176096823,0.2300880689072174,True,2.1984032919705143
2024-11-03 20:00:00,0.4715522995724633,0.2300880689072174,True,2.1711836164394915
2024-11-04 00:00:00,0.46124176098930414,0.2300880689072174,True,2.169089795244796
2024-11-04 01:00:00,0.4368449009791245,0.2300880689072174,True,2.1292417606332705
2024-11-04 03:00:00,0.4011017186619502,0.2300880689072174,True,2.0438412183258174
2024-11-04 05:00:00,0.35771375657145854,0.2300880689072174,True,1.9386531404287273
2024-11-04 06:00:00,0.305306572022944,0.2300880689072174,True,1.856717845761352
2024-11-05 04:00:00,0.2659519950265383,0.2300880689072174,True,1.8118315539000986
2024-11-05 05:00:00,0.23518158574511294,0.2300880689072174,True,1.7976328289235757
2024-11-05 06:00:00,0.2082260957448761,0.2300880689072174,False,1.817938532384618
2024-11-05 07:00:00,0.18889895628521602,0.2300880689072174,False,1.7956044396412159
2024-11-05 09:00:00,0.18363304847241885,0.2300880689072174,False,1.7744045000449256
2024-11-05 12:00:00,0.16467303534492272,0.2300880689072174,False,1.850488727707138
2024-11-05 13:00:00,0.1503217284858036,0.2300880689072174,False,1.9045558438901264
2024-11-05 23:00:00,0.14015032272212008,0.2300880689072174,False,2.178250262971585
2024-11-06 00:00:00,0.1708920008733886,0.2300880689072174,False,2.425582891594841
2024-11-06 04:00:00,0.2162436659474496,0.2300880689072174,False,2.4133689346257916
2024-11-06 05:00:00,0.24936560315674527,0.2300880689072174,True,2.3378459673671723
2024-11-06 07:00:00,0.25368055083608404,0.2300880689072174,True,2.308532470641448
2024-11-06 08:00:00,0.2767972627294732,0.2300880689072174,True,2.2649693574518426
2024-11-06 09:00:00,0.3185775268741539,0.2300880689072174,True,2.2405414435137394
2024-11-06 10:00:00,0.35942019904689376,0.2300880689072174,True,2.222953345478307
2024-11-06 11:00:00,0.3906260145558945,0.2300880689072174,True,2.2478698176951677
2024-11-06 12:00:00,0.39696018754548174,0.2300880689072174,True,2.281763548284281
2024-11-06 20:00:00,0.3838671020501035,0.2300880689072174,True,2.4104026879333036
2024-11-06 21:00:00,0.3807742068889728,0.2300880689072174,True,2.478713604410206
2024-11-07 00:00:00,0.38930597680598833,0.2300880689072174,True,2.4933703527730624
2024-11-07 03:00:00,0.4020081667395315,0.2300880689072174,True,2.5034468672725296
2024-11-07 04:00:00,0.4210610797303086,0.2300880689072174,True,2.471385230228772
2024-11-07 05:00:00,0.44246284322891316,0.2300880689072174,True,2.3592203920630106
2024-11-07 07:00:00,0.45895240617423166,0.2300880689072174,True,2.2080217830836477
2024-11-07 08:00:00,0.46069283882517814,0.2300880689072174,True,1.9950409084358391
2024-11-07 13:00:00,0.4398109202992774,0.2300880689072174,True,1.9722706029435437
2024-11-07 14:00:00,0.4025790828895161,0.2300880689072174,True,2.105699358575427
2024-11-07 23:00:00,0.37010155076017487,0.2300880689072174,True,2.2399307456652875
2024-11-08 03:00:00,0.3515789936600363,0.2300880689072174,True,2.2597784257399907
2024-11-08 04:00:00,0.352972044300538,0.2300880689072174,True,2.2594730768157647
2024-11-08 05:00:00,0.3300837566159546,0.2300880689072174,True,2.1630438865451183
2024-11-08 06:00:00,0.29271098043641536,0.2300880689072174,True,1.906337045948113
2024-11-08 07:00:00,0.2710318907206518,0.2300880689072174,True,1.7375613001767531
2024-11-08 12:00:00,0.258525159841121,0.2300880689072174,True,1.701905941178647
2024-11-08 16:00:00,0.24020473104354356,0.2300880689072174,True,1.7751896829929412
2024-11-08 17:00:00,0.22181025553916203,0.2300880689072174,False,2.033092082070174
2024-11-08 20:00:00,0.26720911009801507,0.2300880689072174,True,2.266496102072967
2024-11-08 21:00:00,0.311348006576491,0.2300880689072174,True,2.280847501511603
2024-11-09 00:00:00,0.32374611629076544,0.2300880689072174,True,2.1642805496882316
2024-11-09 01:00:00,0.25515629674981555,0.2300880689072174,True,2.067917518351174
2024-11-09 03:00:00,0.2174577632661329,0.2300880689072174,False,2.086645585703712
2024-11-09 04:00:00,0.2232552622318029,0.2300880689072174,False,2.0075602143291142
2024-11-09 06:00:00,0.2555998103526621,0.2300880689072174,True,1.8237401619449216
2024-11-09 07:00:00,0.2641344494748563,0.2300880689072174,True,1.7281659486621008
2024-11-09 10:00:00,0.24224199422310255,0.2300880689072174,True,1.7183947830868647
2024-11-09 16:00:00,0.20519783997758634,0.2300880689072174,False,1.7446547905703238
2024-11-09 17:00:00,0.178042886358216,0.2300880689072174,False,1.8026710861733093
2024-11-09 19:00:00,0.1928462595301123,0.2300880689072174,False,1.869359291224311
2024-11-09 20:00:00,0.20803315672354872,0.2300880689072174,False,1.9268870285485444
2024-11-10 02:00:00,0.19870771869157053,0.2300880689072174,False,1.9547348504379753
2024-11-10 04:00:00,0.1605047764502093,0.2300880689072174,False,1.757868071291385
2024-11-10 05:00:00,0.1329348164295553,0.2300880689072174,False,1.475511524502336
2024-11-10 06:00:00,0.11134152188019908,0.2300880689072174,False,1.2702647018924256
2024-11-10 07:00:00,0.12379142086763928,0.2300880689072174,False,1.1434838285536884
2024-11-10 08:00:00,0.14426493498504944,0.2300880689072174,False,1.0395208475525899
2024-11-10 20:00:00,0.1728302673860189,0.2300880689072174,False,1.0496806390313915
2024-11-11 00:00:00,0.18923154768093747,0.2300880689072174,False,1.146781596935337
2024-11-11 01:00:00,0.20006447335117375,0.2300880689072174,False,1.2497859673743195
2024-11-11 02:00:00,0.18942325935306667,0.2300880689072174,False,1.2912879753254052
2024-11-11 03:00:00,0.13758503569538055,0.2300880689072174,False,1.288245391401871
2024-11-11 04:00:00,0.080063004294944,0.2300880689072174,False,1.2332564122762053
2024-11-11 05:00:00,0.054856255951179905,0.2300880689072174,False,1.210904871022847
2024-11-11 06:00:00,0.0686201948516339,0.2300880689072174,False,1.140267486551848
2024-11-11 07:00:00,0.054592613310657595,0.2300880689072174,False,0.8576772354779296
2024-11-11 13:00:00,0.0651759822538531,0.2300880689072174,False,0.7180717073216912
2024-11-11 19:00:00,0.0706387808744965,0.2300880689072174,False,0.7185951626203665
2024-11-12 02:00:00,0.0754302894019313,0.2300880689072174,False,0.7528814846834773
2024-11-12 03:00:00,0.10050493893723239,0.2300880689072174,False,0.6988347250954398
2024-11-12 04:00:00,0.11020920049851497,0.2300880689072174,False,0.5526598329408436
2024-11-12 05:00:00,0.08624121304777747,0.2300880689072174,False,0.23653645381690658
2024-11-12 06:00:00,0.10100794539412832,0.2300880689072174,False,-0.011712221579032296
2024-11-12 07:00:00,0.14507242268438622,0.2300880689072174,False,-0.13889004851925618
2024-11-12 13:00:00,0.14697104673061911,0.2300880689072174,False,-0.17660064066119413
